# Object Export From Tinkercad Server 2015

mtllib obj.mtl

o obj_0
v 100.6526 		7 		0.6866
v 100 		7 		0.6438
v 100 		7 		5.6438
v 101.2941 		7 		0.8142
v 101.9134 		7 		1.0244
v 102.5 		7 		1.3137
v 103.0438 		7 		1.677
v 103.5355 		7 		2.1083
v 103.9668 		7 		2.6
v 104.3301 		7 		3.1438
v 104.6194 		7 		3.7304
v 104.8296 		7 		4.3497
v 104.9572 		7 		4.9912
v 105 		7 		5.6438
v 104.9572 		7 		6.2964
v 104.8296 		7 		6.9379
v 104.6194 		7 		7.5572
v 104.3301 		7 		8.1438
v 103.9668 		7 		8.6876
v 103.5355 		7 		9.1793
v 103.0438 		7 		9.6106
v 102.5 		7 		9.9739
v 101.9134 		7 		10.2632
v 101.2941 		7 		10.4734
v 100.6526 		7 		10.601
v 100 		7 		10.6438
v 99.3474 		7 		10.601
v 98.7059 		7 		10.4734
v 98.0866 		7 		10.2632
v 97.5 		7 		9.9739
v 96.9562 		7 		9.6106
v 96.4645 		7 		9.1793
v 96.0332 		7 		8.6876
v 95.6699 		7 		8.1438
v 95.3806 		7 		7.5572
v 95.1704 		7 		6.9379
v 95.0428 		7 		6.2964
v 95 		7 		5.6438
v 95.0428 		7 		4.9912
v 95.1704 		7 		4.3497
v 95.3806 		7 		3.7304
v 95.6699 		7 		3.1438
v 96.0332 		7 		2.6
v 96.4645 		7 		2.1083
v 96.9562 		7 		1.677
v 97.5 		7 		1.3137
v 98.0866 		7 		1.0244
v 98.7059 		7 		0.8142
v 99.3474 		7 		0.6866
v 100 		2 		0.6438
v 100.6526 		2 		0.6866
v 100 		2 		5.6438
v 101.2941 		2 		0.8142
v 101.9134 		2 		1.0244
v 102.5 		2 		1.3137
v 103.0438 		2 		1.677
v 103.5355 		2 		2.1083
v 103.9668 		2 		2.6
v 104.3301 		2 		3.1438
v 104.6194 		2 		3.7304
v 104.8296 		2 		4.3497
v 104.9572 		2 		4.9912
v 105 		2 		5.6438
v 104.9572 		2 		6.2964
v 104.8296 		2 		6.9379
v 104.6194 		2 		7.5572
v 104.3301 		2 		8.1438
v 103.9668 		2 		8.6876
v 103.5355 		2 		9.1793
v 103.0438 		2 		9.6106
v 102.5 		2 		9.9739
v 101.9134 		2 		10.2632
v 101.2941 		2 		10.4734
v 100.6526 		2 		10.601
v 100 		2 		10.6438
v 99.3474 		2 		10.601
v 98.7059 		2 		10.4734
v 98.0866 		2 		10.2632
v 97.5 		2 		9.9739
v 96.9562 		2 		9.6106
v 96.4645 		2 		9.1793
v 96.0332 		2 		8.6876
v 95.6699 		2 		8.1438
v 95.3806 		2 		7.5572
v 95.1704 		2 		6.9379
v 95.0428 		2 		6.2964
v 95 		2 		5.6438
v 95.0428 		2 		4.9912
v 95.1704 		2 		4.3497
v 95.3806 		2 		3.7304
v 95.6699 		2 		3.1438
v 96.0332 		2 		2.6
v 96.4645 		2 		2.1083
v 96.9562 		2 		1.677
v 97.5 		2 		1.3137
v 98.0866 		2 		1.0244
v 98.7059 		2 		0.8142
v 99.3474 		2 		0.6866
# 98 vertices

g group_0_16089887

usemtl color_16089887
s 0

f 1 	2 	3
f 4 	1 	3
f 5 	4 	3
f 6 	5 	3
f 7 	6 	3
f 8 	7 	3
f 9 	8 	3
f 10 	9 	3
f 11 	10 	3
f 12 	11 	3
f 13 	12 	3
f 14 	13 	3
f 15 	14 	3
f 16 	15 	3
f 17 	16 	3
f 18 	17 	3
f 19 	18 	3
f 20 	19 	3
f 21 	20 	3
f 22 	21 	3
f 23 	22 	3
f 24 	23 	3
f 25 	24 	3
f 26 	25 	3
f 27 	26 	3
f 28 	27 	3
f 29 	28 	3
f 30 	29 	3
f 31 	30 	3
f 32 	31 	3
f 33 	32 	3
f 34 	33 	3
f 35 	34 	3
f 36 	35 	3
f 37 	36 	3
f 38 	37 	3
f 39 	38 	3
f 40 	39 	3
f 41 	40 	3
f 42 	41 	3
f 43 	42 	3
f 44 	43 	3
f 45 	44 	3
f 46 	45 	3
f 47 	46 	3
f 48 	47 	3
f 49 	48 	3
f 2 	49 	3
f 50 	51 	52
f 51 	53 	52
f 53 	54 	52
f 54 	55 	52
f 55 	56 	52
f 56 	57 	52
f 57 	58 	52
f 58 	59 	52
f 59 	60 	52
f 60 	61 	52
f 61 	62 	52
f 62 	63 	52
f 63 	64 	52
f 64 	65 	52
f 65 	66 	52
f 66 	67 	52
f 67 	68 	52
f 68 	69 	52
f 69 	70 	52
f 70 	71 	52
f 71 	72 	52
f 72 	73 	52
f 73 	74 	52
f 74 	75 	52
f 75 	76 	52
f 76 	77 	52
f 77 	78 	52
f 78 	79 	52
f 79 	80 	52
f 80 	81 	52
f 81 	82 	52
f 82 	83 	52
f 83 	84 	52
f 84 	85 	52
f 85 	86 	52
f 86 	87 	52
f 87 	88 	52
f 88 	89 	52
f 89 	90 	52
f 90 	91 	52
f 91 	92 	52
f 92 	93 	52
f 93 	94 	52
f 94 	95 	52
f 95 	96 	52
f 96 	97 	52
f 97 	98 	52
f 98 	50 	52
f 2 	1 	1
f 1 	4 	4
f 4 	5 	5
f 5 	6 	6
f 6 	7 	7
f 7 	8 	8
f 8 	9 	9
f 9 	10 	10
f 10 	11 	11
f 11 	12 	12
f 12 	13 	13
f 13 	14 	14
f 14 	15 	15
f 15 	16 	16
f 16 	17 	17
f 17 	18 	18
f 18 	19 	19
f 19 	20 	20
f 20 	21 	21
f 21 	22 	22
f 22 	23 	23
f 23 	24 	24
f 24 	25 	25
f 25 	26 	26
f 26 	27 	27
f 27 	28 	28
f 28 	29 	29
f 29 	30 	30
f 30 	31 	31
f 31 	32 	32
f 32 	33 	33
f 33 	34 	34
f 34 	35 	35
f 35 	36 	36
f 36 	37 	37
f 37 	38 	38
f 38 	39 	39
f 39 	40 	40
f 40 	41 	41
f 41 	42 	42
f 42 	43 	43
f 43 	44 	44
f 44 	45 	45
f 45 	46 	46
f 46 	47 	47
f 47 	48 	48
f 48 	49 	49
f 49 	2 	2
f 2 	1 	51
f 2 	51 	50
f 1 	4 	53
f 1 	53 	51
f 4 	5 	54
f 4 	54 	53
f 5 	6 	55
f 5 	55 	54
f 6 	7 	56
f 6 	56 	55
f 7 	8 	57
f 7 	57 	56
f 8 	9 	58
f 8 	58 	57
f 9 	10 	59
f 9 	59 	58
f 10 	11 	60
f 10 	60 	59
f 11 	12 	61
f 11 	61 	60
f 12 	13 	62
f 12 	62 	61
f 13 	14 	63
f 13 	63 	62
f 14 	15 	64
f 14 	64 	63
f 15 	16 	65
f 15 	65 	64
f 16 	17 	66
f 16 	66 	65
f 17 	18 	67
f 17 	67 	66
f 18 	19 	68
f 18 	68 	67
f 19 	20 	69
f 19 	69 	68
f 20 	21 	70
f 20 	70 	69
f 21 	22 	71
f 21 	71 	70
f 22 	23 	72
f 22 	72 	71
f 23 	24 	73
f 23 	73 	72
f 24 	25 	74
f 24 	74 	73
f 25 	26 	75
f 25 	75 	74
f 26 	27 	76
f 26 	76 	75
f 27 	28 	77
f 27 	77 	76
f 28 	29 	78
f 28 	78 	77
f 29 	30 	79
f 29 	79 	78
f 30 	31 	80
f 30 	80 	79
f 31 	32 	81
f 31 	81 	80
f 32 	33 	82
f 32 	82 	81
f 33 	34 	83
f 33 	83 	82
f 34 	35 	84
f 34 	84 	83
f 35 	36 	85
f 35 	85 	84
f 36 	37 	86
f 36 	86 	85
f 37 	38 	87
f 37 	87 	86
f 38 	39 	88
f 38 	88 	87
f 39 	40 	89
f 39 	89 	88
f 40 	41 	90
f 40 	90 	89
f 41 	42 	91
f 41 	91 	90
f 42 	43 	92
f 42 	92 	91
f 43 	44 	93
f 43 	93 	92
f 44 	45 	94
f 44 	94 	93
f 45 	46 	95
f 45 	95 	94
f 46 	47 	96
f 46 	96 	95
f 47 	48 	97
f 47 	97 	96
f 48 	49 	98
f 48 	98 	97
f 49 	2 	50
f 49 	50 	98
f 50 	51 	51
f 51 	53 	53
f 53 	54 	54
f 54 	55 	55
f 55 	56 	56
f 56 	57 	57
f 57 	58 	58
f 58 	59 	59
f 59 	60 	60
f 60 	61 	61
f 61 	62 	62
f 62 	63 	63
f 63 	64 	64
f 64 	65 	65
f 65 	66 	66
f 66 	67 	67
f 67 	68 	68
f 68 	69 	69
f 69 	70 	70
f 70 	71 	71
f 71 	72 	72
f 72 	73 	73
f 73 	74 	74
f 74 	75 	75
f 75 	76 	76
f 76 	77 	77
f 77 	78 	78
f 78 	79 	79
f 79 	80 	80
f 80 	81 	81
f 81 	82 	82
f 82 	83 	83
f 83 	84 	84
f 84 	85 	85
f 85 	86 	86
f 86 	87 	87
f 87 	88 	88
f 88 	89 	89
f 89 	90 	90
f 90 	91 	91
f 91 	92 	92
f 92 	93 	93
f 93 	94 	94
f 94 	95 	95
f 95 	96 	96
f 96 	97 	97
f 97 	98 	98
f 98 	50 	50
# 288 faces

 #end of obj_0

o obj_1
v 100.6526 		28 		0.6866
v 100 		28 		0.6438
v 100 		28 		5.6438
v 101.2941 		28 		0.8142
v 101.9134 		28 		1.0244
v 102.5 		28 		1.3137
v 103.0438 		28 		1.677
v 103.5355 		28 		2.1083
v 103.9668 		28 		2.6
v 104.3301 		28 		3.1438
v 104.6194 		28 		3.7304
v 104.8296 		28 		4.3497
v 104.9572 		28 		4.9912
v 105 		28 		5.6438
v 104.9572 		28 		6.2964
v 104.8296 		28 		6.9379
v 104.6194 		28 		7.5572
v 104.3301 		28 		8.1438
v 103.9668 		28 		8.6876
v 103.5355 		28 		9.1793
v 103.0438 		28 		9.6106
v 102.5 		28 		9.9739
v 101.9134 		28 		10.2632
v 101.2941 		28 		10.4734
v 100.6526 		28 		10.601
v 100 		28 		10.6438
v 99.3474 		28 		10.601
v 98.7059 		28 		10.4734
v 98.0866 		28 		10.2632
v 97.5 		28 		9.9739
v 96.9562 		28 		9.6106
v 96.4645 		28 		9.1793
v 96.0332 		28 		8.6876
v 95.6699 		28 		8.1438
v 95.3806 		28 		7.5572
v 95.1704 		28 		6.9379
v 95.0428 		28 		6.2964
v 95 		28 		5.6438
v 95.0428 		28 		4.9912
v 95.1704 		28 		4.3497
v 95.3806 		28 		3.7304
v 95.6699 		28 		3.1438
v 96.0332 		28 		2.6
v 96.4645 		28 		2.1083
v 96.9562 		28 		1.677
v 97.5 		28 		1.3137
v 98.0866 		28 		1.0244
v 98.7059 		28 		0.8142
v 99.3474 		28 		0.6866
v 100 		23 		0.6438
v 100.6526 		23 		0.6866
v 100 		23 		5.6438
v 101.2941 		23 		0.8142
v 101.9134 		23 		1.0244
v 102.5 		23 		1.3137
v 103.0438 		23 		1.677
v 103.5355 		23 		2.1083
v 103.9668 		23 		2.6
v 104.3301 		23 		3.1438
v 104.6194 		23 		3.7304
v 104.8296 		23 		4.3497
v 104.9572 		23 		4.9912
v 105 		23 		5.6438
v 104.9572 		23 		6.2964
v 104.8296 		23 		6.9379
v 104.6194 		23 		7.5572
v 104.3301 		23 		8.1438
v 103.9668 		23 		8.6876
v 103.5355 		23 		9.1793
v 103.0438 		23 		9.6106
v 102.5 		23 		9.9739
v 101.9134 		23 		10.2632
v 101.2941 		23 		10.4734
v 100.6526 		23 		10.601
v 100 		23 		10.6438
v 99.3474 		23 		10.601
v 98.7059 		23 		10.4734
v 98.0866 		23 		10.2632
v 97.5 		23 		9.9739
v 96.9562 		23 		9.6106
v 96.4645 		23 		9.1793
v 96.0332 		23 		8.6876
v 95.6699 		23 		8.1438
v 95.3806 		23 		7.5572
v 95.1704 		23 		6.9379
v 95.0428 		23 		6.2964
v 95 		23 		5.6438
v 95.0428 		23 		4.9912
v 95.1704 		23 		4.3497
v 95.3806 		23 		3.7304
v 95.6699 		23 		3.1438
v 96.0332 		23 		2.6
v 96.4645 		23 		2.1083
v 96.9562 		23 		1.677
v 97.5 		23 		1.3137
v 98.0866 		23 		1.0244
v 98.7059 		23 		0.8142
v 99.3474 		23 		0.6866
# 98 vertices

g group_1_16089887

usemtl color_16089887
s 0

f 99 	100 	101
f 102 	99 	101
f 103 	102 	101
f 104 	103 	101
f 105 	104 	101
f 106 	105 	101
f 107 	106 	101
f 108 	107 	101
f 109 	108 	101
f 110 	109 	101
f 111 	110 	101
f 112 	111 	101
f 113 	112 	101
f 114 	113 	101
f 115 	114 	101
f 116 	115 	101
f 117 	116 	101
f 118 	117 	101
f 119 	118 	101
f 120 	119 	101
f 121 	120 	101
f 122 	121 	101
f 123 	122 	101
f 124 	123 	101
f 125 	124 	101
f 126 	125 	101
f 127 	126 	101
f 128 	127 	101
f 129 	128 	101
f 130 	129 	101
f 131 	130 	101
f 132 	131 	101
f 133 	132 	101
f 134 	133 	101
f 135 	134 	101
f 136 	135 	101
f 137 	136 	101
f 138 	137 	101
f 139 	138 	101
f 140 	139 	101
f 141 	140 	101
f 142 	141 	101
f 143 	142 	101
f 144 	143 	101
f 145 	144 	101
f 146 	145 	101
f 147 	146 	101
f 100 	147 	101
f 148 	149 	150
f 149 	151 	150
f 151 	152 	150
f 152 	153 	150
f 153 	154 	150
f 154 	155 	150
f 155 	156 	150
f 156 	157 	150
f 157 	158 	150
f 158 	159 	150
f 159 	160 	150
f 160 	161 	150
f 161 	162 	150
f 162 	163 	150
f 163 	164 	150
f 164 	165 	150
f 165 	166 	150
f 166 	167 	150
f 167 	168 	150
f 168 	169 	150
f 169 	170 	150
f 170 	171 	150
f 171 	172 	150
f 172 	173 	150
f 173 	174 	150
f 174 	175 	150
f 175 	176 	150
f 176 	177 	150
f 177 	178 	150
f 178 	179 	150
f 179 	180 	150
f 180 	181 	150
f 181 	182 	150
f 182 	183 	150
f 183 	184 	150
f 184 	185 	150
f 185 	186 	150
f 186 	187 	150
f 187 	188 	150
f 188 	189 	150
f 189 	190 	150
f 190 	191 	150
f 191 	192 	150
f 192 	193 	150
f 193 	194 	150
f 194 	195 	150
f 195 	196 	150
f 196 	148 	150
f 100 	99 	99
f 99 	102 	102
f 102 	103 	103
f 103 	104 	104
f 104 	105 	105
f 105 	106 	106
f 106 	107 	107
f 107 	108 	108
f 108 	109 	109
f 109 	110 	110
f 110 	111 	111
f 111 	112 	112
f 112 	113 	113
f 113 	114 	114
f 114 	115 	115
f 115 	116 	116
f 116 	117 	117
f 117 	118 	118
f 118 	119 	119
f 119 	120 	120
f 120 	121 	121
f 121 	122 	122
f 122 	123 	123
f 123 	124 	124
f 124 	125 	125
f 125 	126 	126
f 126 	127 	127
f 127 	128 	128
f 128 	129 	129
f 129 	130 	130
f 130 	131 	131
f 131 	132 	132
f 132 	133 	133
f 133 	134 	134
f 134 	135 	135
f 135 	136 	136
f 136 	137 	137
f 137 	138 	138
f 138 	139 	139
f 139 	140 	140
f 140 	141 	141
f 141 	142 	142
f 142 	143 	143
f 143 	144 	144
f 144 	145 	145
f 145 	146 	146
f 146 	147 	147
f 147 	100 	100
f 100 	99 	149
f 100 	149 	148
f 99 	102 	151
f 99 	151 	149
f 102 	103 	152
f 102 	152 	151
f 103 	104 	153
f 103 	153 	152
f 104 	105 	154
f 104 	154 	153
f 105 	106 	155
f 105 	155 	154
f 106 	107 	156
f 106 	156 	155
f 107 	108 	157
f 107 	157 	156
f 108 	109 	158
f 108 	158 	157
f 109 	110 	159
f 109 	159 	158
f 110 	111 	160
f 110 	160 	159
f 111 	112 	161
f 111 	161 	160
f 112 	113 	162
f 112 	162 	161
f 113 	114 	163
f 113 	163 	162
f 114 	115 	164
f 114 	164 	163
f 115 	116 	165
f 115 	165 	164
f 116 	117 	166
f 116 	166 	165
f 117 	118 	167
f 117 	167 	166
f 118 	119 	168
f 118 	168 	167
f 119 	120 	169
f 119 	169 	168
f 120 	121 	170
f 120 	170 	169
f 121 	122 	171
f 121 	171 	170
f 122 	123 	172
f 122 	172 	171
f 123 	124 	173
f 123 	173 	172
f 124 	125 	174
f 124 	174 	173
f 125 	126 	175
f 125 	175 	174
f 126 	127 	176
f 126 	176 	175
f 127 	128 	177
f 127 	177 	176
f 128 	129 	178
f 128 	178 	177
f 129 	130 	179
f 129 	179 	178
f 130 	131 	180
f 130 	180 	179
f 131 	132 	181
f 131 	181 	180
f 132 	133 	182
f 132 	182 	181
f 133 	134 	183
f 133 	183 	182
f 134 	135 	184
f 134 	184 	183
f 135 	136 	185
f 135 	185 	184
f 136 	137 	186
f 136 	186 	185
f 137 	138 	187
f 137 	187 	186
f 138 	139 	188
f 138 	188 	187
f 139 	140 	189
f 139 	189 	188
f 140 	141 	190
f 140 	190 	189
f 141 	142 	191
f 141 	191 	190
f 142 	143 	192
f 142 	192 	191
f 143 	144 	193
f 143 	193 	192
f 144 	145 	194
f 144 	194 	193
f 145 	146 	195
f 145 	195 	194
f 146 	147 	196
f 146 	196 	195
f 147 	100 	148
f 147 	148 	196
f 148 	149 	149
f 149 	151 	151
f 151 	152 	152
f 152 	153 	153
f 153 	154 	154
f 154 	155 	155
f 155 	156 	156
f 156 	157 	157
f 157 	158 	158
f 158 	159 	159
f 159 	160 	160
f 160 	161 	161
f 161 	162 	162
f 162 	163 	163
f 163 	164 	164
f 164 	165 	165
f 165 	166 	166
f 166 	167 	167
f 167 	168 	168
f 168 	169 	169
f 169 	170 	170
f 170 	171 	171
f 171 	172 	172
f 172 	173 	173
f 173 	174 	174
f 174 	175 	175
f 175 	176 	176
f 176 	177 	177
f 177 	178 	178
f 178 	179 	179
f 179 	180 	180
f 180 	181 	181
f 181 	182 	182
f 182 	183 	183
f 183 	184 	184
f 184 	185 	185
f 185 	186 	186
f 186 	187 	187
f 187 	188 	188
f 188 	189 	189
f 189 	190 	190
f 190 	191 	191
f 191 	192 	192
f 192 	193 	193
f 193 	194 	194
f 194 	195 	195
f 195 	196 	196
f 196 	148 	148
# 288 faces

 #end of obj_1

o obj_2
v 27.1526 		7 		0.6866
v 26.5 		7 		0.6438
v 26.5 		7 		5.6438
v 27.7941 		7 		0.8142
v 28.4134 		7 		1.0244
v 29 		7 		1.3137
v 29.5438 		7 		1.677
v 30.0355 		7 		2.1083
v 30.4668 		7 		2.6
v 30.8301 		7 		3.1438
v 31.1194 		7 		3.7304
v 31.3296 		7 		4.3497
v 31.4572 		7 		4.9912
v 31.5 		7 		5.6438
v 31.4572 		7 		6.2964
v 31.3296 		7 		6.9379
v 31.1194 		7 		7.5572
v 30.8301 		7 		8.1438
v 30.4668 		7 		8.6876
v 30.0355 		7 		9.1793
v 29.5438 		7 		9.6106
v 29 		7 		9.9739
v 28.4134 		7 		10.2632
v 27.7941 		7 		10.4734
v 27.1526 		7 		10.601
v 26.5 		7 		10.6438
v 25.8474 		7 		10.601
v 25.2059 		7 		10.4734
v 24.5866 		7 		10.2632
v 24 		7 		9.9739
v 23.4562 		7 		9.6106
v 22.9645 		7 		9.1793
v 22.5332 		7 		8.6876
v 22.1699 		7 		8.1438
v 21.8806 		7 		7.5572
v 21.6704 		7 		6.9379
v 21.5428 		7 		6.2964
v 21.5 		7 		5.6438
v 21.5428 		7 		4.9912
v 21.6704 		7 		4.3497
v 21.8806 		7 		3.7304
v 22.1699 		7 		3.1438
v 22.5332 		7 		2.6
v 22.9645 		7 		2.1083
v 23.4562 		7 		1.677
v 24 		7 		1.3137
v 24.5866 		7 		1.0244
v 25.2059 		7 		0.8142
v 25.8474 		7 		0.6866
v 26.5 		2 		0.6438
v 27.1526 		2 		0.6866
v 26.5 		2 		5.6438
v 27.7941 		2 		0.8142
v 28.4134 		2 		1.0244
v 29 		2 		1.3137
v 29.5438 		2 		1.677
v 30.0355 		2 		2.1083
v 30.4668 		2 		2.6
v 30.8301 		2 		3.1438
v 31.1194 		2 		3.7304
v 31.3296 		2 		4.3497
v 31.4572 		2 		4.9912
v 31.5 		2 		5.6438
v 31.4572 		2 		6.2964
v 31.3296 		2 		6.9379
v 31.1194 		2 		7.5572
v 30.8301 		2 		8.1438
v 30.4668 		2 		8.6876
v 30.0355 		2 		9.1793
v 29.5438 		2 		9.6106
v 29 		2 		9.9739
v 28.4134 		2 		10.2632
v 27.7941 		2 		10.4734
v 27.1526 		2 		10.601
v 26.5 		2 		10.6438
v 25.8474 		2 		10.601
v 25.2059 		2 		10.4734
v 24.5866 		2 		10.2632
v 24 		2 		9.9739
v 23.4562 		2 		9.6106
v 22.9645 		2 		9.1793
v 22.5332 		2 		8.6876
v 22.1699 		2 		8.1438
v 21.8806 		2 		7.5572
v 21.6704 		2 		6.9379
v 21.5428 		2 		6.2964
v 21.5 		2 		5.6438
v 21.5428 		2 		4.9912
v 21.6704 		2 		4.3497
v 21.8806 		2 		3.7304
v 22.1699 		2 		3.1438
v 22.5332 		2 		2.6
v 22.9645 		2 		2.1083
v 23.4562 		2 		1.677
v 24 		2 		1.3137
v 24.5866 		2 		1.0244
v 25.2059 		2 		0.8142
v 25.8474 		2 		0.6866
# 98 vertices

g group_2_16089887

usemtl color_16089887
s 0

f 197 	198 	199
f 200 	197 	199
f 201 	200 	199
f 202 	201 	199
f 203 	202 	199
f 204 	203 	199
f 205 	204 	199
f 206 	205 	199
f 207 	206 	199
f 208 	207 	199
f 209 	208 	199
f 210 	209 	199
f 211 	210 	199
f 212 	211 	199
f 213 	212 	199
f 214 	213 	199
f 215 	214 	199
f 216 	215 	199
f 217 	216 	199
f 218 	217 	199
f 219 	218 	199
f 220 	219 	199
f 221 	220 	199
f 222 	221 	199
f 223 	222 	199
f 224 	223 	199
f 225 	224 	199
f 226 	225 	199
f 227 	226 	199
f 228 	227 	199
f 229 	228 	199
f 230 	229 	199
f 231 	230 	199
f 232 	231 	199
f 233 	232 	199
f 234 	233 	199
f 235 	234 	199
f 236 	235 	199
f 237 	236 	199
f 238 	237 	199
f 239 	238 	199
f 240 	239 	199
f 241 	240 	199
f 242 	241 	199
f 243 	242 	199
f 244 	243 	199
f 245 	244 	199
f 198 	245 	199
f 246 	247 	248
f 247 	249 	248
f 249 	250 	248
f 250 	251 	248
f 251 	252 	248
f 252 	253 	248
f 253 	254 	248
f 254 	255 	248
f 255 	256 	248
f 256 	257 	248
f 257 	258 	248
f 258 	259 	248
f 259 	260 	248
f 260 	261 	248
f 261 	262 	248
f 262 	263 	248
f 263 	264 	248
f 264 	265 	248
f 265 	266 	248
f 266 	267 	248
f 267 	268 	248
f 268 	269 	248
f 269 	270 	248
f 270 	271 	248
f 271 	272 	248
f 272 	273 	248
f 273 	274 	248
f 274 	275 	248
f 275 	276 	248
f 276 	277 	248
f 277 	278 	248
f 278 	279 	248
f 279 	280 	248
f 280 	281 	248
f 281 	282 	248
f 282 	283 	248
f 283 	284 	248
f 284 	285 	248
f 285 	286 	248
f 286 	287 	248
f 287 	288 	248
f 288 	289 	248
f 289 	290 	248
f 290 	291 	248
f 291 	292 	248
f 292 	293 	248
f 293 	294 	248
f 294 	246 	248
f 198 	197 	197
f 197 	200 	200
f 200 	201 	201
f 201 	202 	202
f 202 	203 	203
f 203 	204 	204
f 204 	205 	205
f 205 	206 	206
f 206 	207 	207
f 207 	208 	208
f 208 	209 	209
f 209 	210 	210
f 210 	211 	211
f 211 	212 	212
f 212 	213 	213
f 213 	214 	214
f 214 	215 	215
f 215 	216 	216
f 216 	217 	217
f 217 	218 	218
f 218 	219 	219
f 219 	220 	220
f 220 	221 	221
f 221 	222 	222
f 222 	223 	223
f 223 	224 	224
f 224 	225 	225
f 225 	226 	226
f 226 	227 	227
f 227 	228 	228
f 228 	229 	229
f 229 	230 	230
f 230 	231 	231
f 231 	232 	232
f 232 	233 	233
f 233 	234 	234
f 234 	235 	235
f 235 	236 	236
f 236 	237 	237
f 237 	238 	238
f 238 	239 	239
f 239 	240 	240
f 240 	241 	241
f 241 	242 	242
f 242 	243 	243
f 243 	244 	244
f 244 	245 	245
f 245 	198 	198
f 198 	197 	247
f 198 	247 	246
f 197 	200 	249
f 197 	249 	247
f 200 	201 	250
f 200 	250 	249
f 201 	202 	251
f 201 	251 	250
f 202 	203 	252
f 202 	252 	251
f 203 	204 	253
f 203 	253 	252
f 204 	205 	254
f 204 	254 	253
f 205 	206 	255
f 205 	255 	254
f 206 	207 	256
f 206 	256 	255
f 207 	208 	257
f 207 	257 	256
f 208 	209 	258
f 208 	258 	257
f 209 	210 	259
f 209 	259 	258
f 210 	211 	260
f 210 	260 	259
f 211 	212 	261
f 211 	261 	260
f 212 	213 	262
f 212 	262 	261
f 213 	214 	263
f 213 	263 	262
f 214 	215 	264
f 214 	264 	263
f 215 	216 	265
f 215 	265 	264
f 216 	217 	266
f 216 	266 	265
f 217 	218 	267
f 217 	267 	266
f 218 	219 	268
f 218 	268 	267
f 219 	220 	269
f 219 	269 	268
f 220 	221 	270
f 220 	270 	269
f 221 	222 	271
f 221 	271 	270
f 222 	223 	272
f 222 	272 	271
f 223 	224 	273
f 223 	273 	272
f 224 	225 	274
f 224 	274 	273
f 225 	226 	275
f 225 	275 	274
f 226 	227 	276
f 226 	276 	275
f 227 	228 	277
f 227 	277 	276
f 228 	229 	278
f 228 	278 	277
f 229 	230 	279
f 229 	279 	278
f 230 	231 	280
f 230 	280 	279
f 231 	232 	281
f 231 	281 	280
f 232 	233 	282
f 232 	282 	281
f 233 	234 	283
f 233 	283 	282
f 234 	235 	284
f 234 	284 	283
f 235 	236 	285
f 235 	285 	284
f 236 	237 	286
f 236 	286 	285
f 237 	238 	287
f 237 	287 	286
f 238 	239 	288
f 238 	288 	287
f 239 	240 	289
f 239 	289 	288
f 240 	241 	290
f 240 	290 	289
f 241 	242 	291
f 241 	291 	290
f 242 	243 	292
f 242 	292 	291
f 243 	244 	293
f 243 	293 	292
f 244 	245 	294
f 244 	294 	293
f 245 	198 	246
f 245 	246 	294
f 246 	247 	247
f 247 	249 	249
f 249 	250 	250
f 250 	251 	251
f 251 	252 	252
f 252 	253 	253
f 253 	254 	254
f 254 	255 	255
f 255 	256 	256
f 256 	257 	257
f 257 	258 	258
f 258 	259 	259
f 259 	260 	260
f 260 	261 	261
f 261 	262 	262
f 262 	263 	263
f 263 	264 	264
f 264 	265 	265
f 265 	266 	266
f 266 	267 	267
f 267 	268 	268
f 268 	269 	269
f 269 	270 	270
f 270 	271 	271
f 271 	272 	272
f 272 	273 	273
f 273 	274 	274
f 274 	275 	275
f 275 	276 	276
f 276 	277 	277
f 277 	278 	278
f 278 	279 	279
f 279 	280 	280
f 280 	281 	281
f 281 	282 	282
f 282 	283 	283
f 283 	284 	284
f 284 	285 	285
f 285 	286 	286
f 286 	287 	287
f 287 	288 	288
f 288 	289 	289
f 289 	290 	290
f 290 	291 	291
f 291 	292 	292
f 292 	293 	293
f 293 	294 	294
f 294 	246 	246
# 288 faces

 #end of obj_2

o obj_3
v 27.1526 		28 		0.6866
v 26.5 		28 		0.6438
v 26.5 		28 		5.6438
v 27.7941 		28 		0.8142
v 28.4134 		28 		1.0244
v 29 		28 		1.3137
v 29.5438 		28 		1.677
v 30.0355 		28 		2.1083
v 30.4668 		28 		2.6
v 30.8301 		28 		3.1438
v 31.1194 		28 		3.7304
v 31.3296 		28 		4.3497
v 31.4572 		28 		4.9912
v 31.5 		28 		5.6438
v 31.4572 		28 		6.2964
v 31.3296 		28 		6.9379
v 31.1194 		28 		7.5572
v 30.8301 		28 		8.1438
v 30.4668 		28 		8.6876
v 30.0355 		28 		9.1793
v 29.5438 		28 		9.6106
v 29 		28 		9.9739
v 28.4134 		28 		10.2632
v 27.7941 		28 		10.4734
v 27.1526 		28 		10.601
v 26.5 		28 		10.6438
v 25.8474 		28 		10.601
v 25.2059 		28 		10.4734
v 24.5866 		28 		10.2632
v 24 		28 		9.9739
v 23.4562 		28 		9.6106
v 22.9645 		28 		9.1793
v 22.5332 		28 		8.6876
v 22.1699 		28 		8.1438
v 21.8806 		28 		7.5572
v 21.6704 		28 		6.9379
v 21.5428 		28 		6.2964
v 21.5 		28 		5.6438
v 21.5428 		28 		4.9912
v 21.6704 		28 		4.3497
v 21.8806 		28 		3.7304
v 22.1699 		28 		3.1438
v 22.5332 		28 		2.6
v 22.9645 		28 		2.1083
v 23.4562 		28 		1.677
v 24 		28 		1.3137
v 24.5866 		28 		1.0244
v 25.2059 		28 		0.8142
v 25.8474 		28 		0.6866
v 26.5 		23 		0.6438
v 27.1526 		23 		0.6866
v 26.5 		23 		5.6438
v 27.7941 		23 		0.8142
v 28.4134 		23 		1.0244
v 29 		23 		1.3137
v 29.5438 		23 		1.677
v 30.0355 		23 		2.1083
v 30.4668 		23 		2.6
v 30.8301 		23 		3.1438
v 31.1194 		23 		3.7304
v 31.3296 		23 		4.3497
v 31.4572 		23 		4.9912
v 31.5 		23 		5.6438
v 31.4572 		23 		6.2964
v 31.3296 		23 		6.9379
v 31.1194 		23 		7.5572
v 30.8301 		23 		8.1438
v 30.4668 		23 		8.6876
v 30.0355 		23 		9.1793
v 29.5438 		23 		9.6106
v 29 		23 		9.9739
v 28.4134 		23 		10.2632
v 27.7941 		23 		10.4734
v 27.1526 		23 		10.601
v 26.5 		23 		10.6438
v 25.8474 		23 		10.601
v 25.2059 		23 		10.4734
v 24.5866 		23 		10.2632
v 24 		23 		9.9739
v 23.4562 		23 		9.6106
v 22.9645 		23 		9.1793
v 22.5332 		23 		8.6876
v 22.1699 		23 		8.1438
v 21.8806 		23 		7.5572
v 21.6704 		23 		6.9379
v 21.5428 		23 		6.2964
v 21.5 		23 		5.6438
v 21.5428 		23 		4.9912
v 21.6704 		23 		4.3497
v 21.8806 		23 		3.7304
v 22.1699 		23 		3.1438
v 22.5332 		23 		2.6
v 22.9645 		23 		2.1083
v 23.4562 		23 		1.677
v 24 		23 		1.3137
v 24.5866 		23 		1.0244
v 25.2059 		23 		0.8142
v 25.8474 		23 		0.6866
# 98 vertices

g group_3_16089887

usemtl color_16089887
s 0

f 295 	296 	297
f 298 	295 	297
f 299 	298 	297
f 300 	299 	297
f 301 	300 	297
f 302 	301 	297
f 303 	302 	297
f 304 	303 	297
f 305 	304 	297
f 306 	305 	297
f 307 	306 	297
f 308 	307 	297
f 309 	308 	297
f 310 	309 	297
f 311 	310 	297
f 312 	311 	297
f 313 	312 	297
f 314 	313 	297
f 315 	314 	297
f 316 	315 	297
f 317 	316 	297
f 318 	317 	297
f 319 	318 	297
f 320 	319 	297
f 321 	320 	297
f 322 	321 	297
f 323 	322 	297
f 324 	323 	297
f 325 	324 	297
f 326 	325 	297
f 327 	326 	297
f 328 	327 	297
f 329 	328 	297
f 330 	329 	297
f 331 	330 	297
f 332 	331 	297
f 333 	332 	297
f 334 	333 	297
f 335 	334 	297
f 336 	335 	297
f 337 	336 	297
f 338 	337 	297
f 339 	338 	297
f 340 	339 	297
f 341 	340 	297
f 342 	341 	297
f 343 	342 	297
f 296 	343 	297
f 344 	345 	346
f 345 	347 	346
f 347 	348 	346
f 348 	349 	346
f 349 	350 	346
f 350 	351 	346
f 351 	352 	346
f 352 	353 	346
f 353 	354 	346
f 354 	355 	346
f 355 	356 	346
f 356 	357 	346
f 357 	358 	346
f 358 	359 	346
f 359 	360 	346
f 360 	361 	346
f 361 	362 	346
f 362 	363 	346
f 363 	364 	346
f 364 	365 	346
f 365 	366 	346
f 366 	367 	346
f 367 	368 	346
f 368 	369 	346
f 369 	370 	346
f 370 	371 	346
f 371 	372 	346
f 372 	373 	346
f 373 	374 	346
f 374 	375 	346
f 375 	376 	346
f 376 	377 	346
f 377 	378 	346
f 378 	379 	346
f 379 	380 	346
f 380 	381 	346
f 381 	382 	346
f 382 	383 	346
f 383 	384 	346
f 384 	385 	346
f 385 	386 	346
f 386 	387 	346
f 387 	388 	346
f 388 	389 	346
f 389 	390 	346
f 390 	391 	346
f 391 	392 	346
f 392 	344 	346
f 296 	295 	295
f 295 	298 	298
f 298 	299 	299
f 299 	300 	300
f 300 	301 	301
f 301 	302 	302
f 302 	303 	303
f 303 	304 	304
f 304 	305 	305
f 305 	306 	306
f 306 	307 	307
f 307 	308 	308
f 308 	309 	309
f 309 	310 	310
f 310 	311 	311
f 311 	312 	312
f 312 	313 	313
f 313 	314 	314
f 314 	315 	315
f 315 	316 	316
f 316 	317 	317
f 317 	318 	318
f 318 	319 	319
f 319 	320 	320
f 320 	321 	321
f 321 	322 	322
f 322 	323 	323
f 323 	324 	324
f 324 	325 	325
f 325 	326 	326
f 326 	327 	327
f 327 	328 	328
f 328 	329 	329
f 329 	330 	330
f 330 	331 	331
f 331 	332 	332
f 332 	333 	333
f 333 	334 	334
f 334 	335 	335
f 335 	336 	336
f 336 	337 	337
f 337 	338 	338
f 338 	339 	339
f 339 	340 	340
f 340 	341 	341
f 341 	342 	342
f 342 	343 	343
f 343 	296 	296
f 296 	295 	345
f 296 	345 	344
f 295 	298 	347
f 295 	347 	345
f 298 	299 	348
f 298 	348 	347
f 299 	300 	349
f 299 	349 	348
f 300 	301 	350
f 300 	350 	349
f 301 	302 	351
f 301 	351 	350
f 302 	303 	352
f 302 	352 	351
f 303 	304 	353
f 303 	353 	352
f 304 	305 	354
f 304 	354 	353
f 305 	306 	355
f 305 	355 	354
f 306 	307 	356
f 306 	356 	355
f 307 	308 	357
f 307 	357 	356
f 308 	309 	358
f 308 	358 	357
f 309 	310 	359
f 309 	359 	358
f 310 	311 	360
f 310 	360 	359
f 311 	312 	361
f 311 	361 	360
f 312 	313 	362
f 312 	362 	361
f 313 	314 	363
f 313 	363 	362
f 314 	315 	364
f 314 	364 	363
f 315 	316 	365
f 315 	365 	364
f 316 	317 	366
f 316 	366 	365
f 317 	318 	367
f 317 	367 	366
f 318 	319 	368
f 318 	368 	367
f 319 	320 	369
f 319 	369 	368
f 320 	321 	370
f 320 	370 	369
f 321 	322 	371
f 321 	371 	370
f 322 	323 	372
f 322 	372 	371
f 323 	324 	373
f 323 	373 	372
f 324 	325 	374
f 324 	374 	373
f 325 	326 	375
f 325 	375 	374
f 326 	327 	376
f 326 	376 	375
f 327 	328 	377
f 327 	377 	376
f 328 	329 	378
f 328 	378 	377
f 329 	330 	379
f 329 	379 	378
f 330 	331 	380
f 330 	380 	379
f 331 	332 	381
f 331 	381 	380
f 332 	333 	382
f 332 	382 	381
f 333 	334 	383
f 333 	383 	382
f 334 	335 	384
f 334 	384 	383
f 335 	336 	385
f 335 	385 	384
f 336 	337 	386
f 336 	386 	385
f 337 	338 	387
f 337 	387 	386
f 338 	339 	388
f 338 	388 	387
f 339 	340 	389
f 339 	389 	388
f 340 	341 	390
f 340 	390 	389
f 341 	342 	391
f 341 	391 	390
f 342 	343 	392
f 342 	392 	391
f 343 	296 	344
f 343 	344 	392
f 344 	345 	345
f 345 	347 	347
f 347 	348 	348
f 348 	349 	349
f 349 	350 	350
f 350 	351 	351
f 351 	352 	352
f 352 	353 	353
f 353 	354 	354
f 354 	355 	355
f 355 	356 	356
f 356 	357 	357
f 357 	358 	358
f 358 	359 	359
f 359 	360 	360
f 360 	361 	361
f 361 	362 	362
f 362 	363 	363
f 363 	364 	364
f 364 	365 	365
f 365 	366 	366
f 366 	367 	367
f 367 	368 	368
f 368 	369 	369
f 369 	370 	370
f 370 	371 	371
f 371 	372 	372
f 372 	373 	373
f 373 	374 	374
f 374 	375 	375
f 375 	376 	376
f 376 	377 	377
f 377 	378 	378
f 378 	379 	379
f 379 	380 	380
f 380 	381 	381
f 381 	382 	382
f 382 	383 	383
f 383 	384 	384
f 384 	385 	385
f 385 	386 	386
f 386 	387 	387
f 387 	388 	388
f 388 	389 	389
f 389 	390 	390
f 390 	391 	391
f 391 	392 	392
f 392 	344 	344
# 288 faces

 #end of obj_3

o obj_4
v 87.7661 		8 		30.1034
v 103.4202 		8 		30.1034
v 103.4202 		8 		32.8966
v 87.7661 		8 		32.8966
v 87.6754 		8.0059 		30.1034
v 87.6765 		8.0059 		30.1009
v 87.6799 		8.0059 		30.0984
v 87.6853 		8.0059 		30.0961
v 87.6927 		8.0059 		30.0939
v 87.702 		8.0059 		30.092
v 87.7128 		8.0059 		30.0904
v 87.7249 		8.0059 		30.089
v 87.7381 		8.0059 		30.0881
v 87.7519 		8.0059 		30.0875
v 87.7661 		8.0059 		30.0873
v 103.4202 		8.0059 		30.0873
v 103.4344 		8.0059 		30.0875
v 103.4482 		8.0059 		30.0881
v 103.4614 		8.0059 		30.089
v 103.4735 		8.0059 		30.0904
v 103.4843 		8.0059 		30.092
v 103.4936 		8.0059 		30.0939
v 103.501 		8.0059 		30.0961
v 103.5065 		8.0059 		30.0984
v 103.5098 		8.0059 		30.1009
v 103.5109 		8.0059 		30.1034
v 103.5109 		8.0059 		32.8966
v 103.5098 		8.0059 		32.8991
v 103.5065 		8.0059 		32.9016
v 103.501 		8.0059 		32.9039
v 103.4936 		8.0059 		32.9061
v 103.4843 		8.0059 		32.908
v 103.4735 		8.0059 		32.9096
v 103.4614 		8.0059 		32.911
v 103.4482 		8.0059 		32.9119
v 103.4344 		8.0059 		32.9125
v 103.4202 		8.0059 		32.9127
v 87.7661 		8.0059 		32.9127
v 87.7519 		8.0059 		32.9125
v 87.7381 		8.0059 		32.9119
v 87.7249 		8.0059 		32.911
v 87.7128 		8.0059 		32.9096
v 87.702 		8.0059 		32.908
v 87.6927 		8.0059 		32.9061
v 87.6853 		8.0059 		32.9039
v 87.6799 		8.0059 		32.9016
v 87.6765 		8.0059 		32.8991
v 87.6754 		8.0059 		32.8966
v 87.587 		8.0236 		30.1034
v 87.5892 		8.0236 		30.0984
v 87.5957 		8.0236 		30.0936
v 87.6065 		8.0236 		30.0889
v 87.6212 		8.0236 		30.0847
v 87.6394 		8.0236 		30.0808
v 87.6608 		8.0236 		30.0776
v 87.6848 		8.0236 		30.075
v 87.7108 		8.0236 		30.073
v 87.7381 		8.0236 		30.0719
v 87.7661 		8.0236 		30.0715
v 103.4202 		8.0236 		30.0715
v 103.4482 		8.0236 		30.0719
v 103.4756 		8.0236 		30.073
v 103.5016 		8.0236 		30.075
v 103.5255 		8.0236 		30.0776
v 103.5469 		8.0236 		30.0808
v 103.5652 		8.0236 		30.0847
v 103.5799 		8.0236 		30.0889
v 103.5906 		8.0236 		30.0936
v 103.5972 		8.0236 		30.0984
v 103.5994 		8.0236 		30.1034
v 103.5994 		8.0236 		32.8966
v 103.5972 		8.0236 		32.9016
v 103.5906 		8.0236 		32.9064
v 103.5799 		8.0236 		32.9111
v 103.5652 		8.0236 		32.9153
v 103.5469 		8.0236 		32.9192
v 103.5255 		8.0236 		32.9224
v 103.5016 		8.0236 		32.925
v 103.4756 		8.0236 		32.927
v 103.4482 		8.0236 		32.9281
v 103.4202 		8.0236 		32.9285
v 87.7661 		8.0236 		32.9285
v 87.7381 		8.0236 		32.9281
v 87.7108 		8.0236 		32.927
v 87.6848 		8.0236 		32.925
v 87.6608 		8.0236 		32.9224
v 87.6394 		8.0236 		32.9192
v 87.6212 		8.0236 		32.9153
v 87.6065 		8.0236 		32.9111
v 87.5957 		8.0236 		32.9064
v 87.5892 		8.0236 		32.9016
v 87.587 		8.0236 		32.8966
v 87.5029 		8.0526 		30.1034
v 87.5061 		8.0526 		30.0961
v 87.5158 		8.0526 		30.0889
v 87.5316 		8.0526 		30.0821
v 87.5532 		8.0526 		30.0758
v 87.58 		8.0526 		30.0702
v 87.6114 		8.0526 		30.0655
v 87.6466 		8.0526 		30.0616
v 87.6848 		8.0526 		30.0588
v 87.7249 		8.0526 		30.0571
v 87.7661 		8.0526 		30.0565
v 103.4202 		8.0526 		30.0565
v 103.4614 		8.0526 		30.0571
v 103.5016 		8.0526 		30.0588
v 103.5397 		8.0526 		30.0616
v 103.5749 		8.0526 		30.0655
v 103.6063 		8.0526 		30.0702
v 103.6332 		8.0526 		30.0758
v 103.6547 		8.0526 		30.0821
v 103.6705 		8.0526 		30.0889
v 103.6802 		8.0526 		30.0961
v 103.6834 		8.0526 		30.1034
v 103.6834 		8.0526 		32.8966
v 103.6802 		8.0526 		32.9039
v 103.6705 		8.0526 		32.9111
v 103.6547 		8.0526 		32.9179
v 103.6332 		8.0526 		32.9242
v 103.6063 		8.0526 		32.9298
v 103.5749 		8.0526 		32.9345
v 103.5397 		8.0526 		32.9384
v 103.5016 		8.0526 		32.9412
v 103.4614 		8.0526 		32.9429
v 103.4202 		8.0526 		32.9435
v 87.7661 		8.0526 		32.9435
v 87.7249 		8.0526 		32.9429
v 87.6848 		8.0526 		32.9412
v 87.6466 		8.0526 		32.9384
v 87.6114 		8.0526 		32.9345
v 87.58 		8.0526 		32.9298
v 87.5532 		8.0526 		32.9242
v 87.5316 		8.0526 		32.9179
v 87.5158 		8.0526 		32.9111
v 87.5061 		8.0526 		32.9039
v 87.5029 		8.0526 		32.8966
v 87.4253 		8.0922 		30.1034
v 87.4295 		8.0922 		30.0939
v 87.442 		8.0922 		30.0847
v 87.4625 		8.0922 		30.0758
v 87.4904 		8.0922 		30.0677
v 87.5252 		8.0922 		30.0605
v 87.5658 		8.0922 		30.0543
v 87.6114 		8.0922 		30.0493
v 87.6608 		8.0922 		30.0456
v 87.7128 		8.0922 		30.0434
v 87.7661 		8.0922 		30.0426
v 103.4202 		8.0922 		30.0426
v 103.4735 		8.0922 		30.0434
v 103.5255 		8.0922 		30.0456
v 103.5749 		8.0922 		30.0493
v 103.6205 		8.0922 		30.0543
v 103.6612 		8.0922 		30.0605
v 103.6959 		8.0922 		30.0677
v 103.7239 		8.0922 		30.0758
v 103.7443 		8.0922 		30.0847
v 103.7568 		8.0922 		30.0939
v 103.761 		8.0922 		30.1034
v 103.761 		8.0922 		32.8966
v 103.7568 		8.0922 		32.9061
v 103.7443 		8.0922 		32.9153
v 103.7239 		8.0922 		32.9242
v 103.6959 		8.0922 		32.9323
v 103.6612 		8.0922 		32.9395
v 103.6205 		8.0922 		32.9457
v 103.5749 		8.0922 		32.9507
v 103.5255 		8.0922 		32.9544
v 103.4735 		8.0922 		32.9566
v 103.4202 		8.0922 		32.9574
v 87.7661 		8.0922 		32.9574
v 87.7128 		8.0922 		32.9566
v 87.6608 		8.0922 		32.9544
v 87.6114 		8.0922 		32.9507
v 87.5658 		8.0922 		32.9457
v 87.5252 		8.0922 		32.9395
v 87.4904 		8.0922 		32.9323
v 87.4625 		8.0922 		32.9242
v 87.442 		8.0922 		32.9153
v 87.4295 		8.0922 		32.9061
v 87.4253 		8.0922 		32.8966
v 87.3562 		8.1414 		30.1034
v 87.3612 		8.1414 		30.092
v 87.3762 		8.1414 		30.0808
v 87.4008 		8.1414 		30.0702
v 87.4345 		8.1414 		30.0605
v 87.4762 		8.1414 		30.0517
v 87.5252 		8.1414 		30.0443
v 87.58 		8.1414 		30.0383
v 87.6394 		8.1414 		30.0339
v 87.702 		8.1414 		30.0312
v 87.7661 		8.1414 		30.0303
v 103.4202 		8.1414 		30.0303
v 103.4843 		8.1414 		30.0312
v 103.5469 		8.1414 		30.0339
v 103.6063 		8.1414 		30.0383
v 103.6612 		8.1414 		30.0443
v 103.7101 		8.1414 		30.0517
v 103.7519 		8.1414 		30.0605
v 103.7855 		8.1414 		30.0702
v 103.8101 		8.1414 		30.0808
v 103.8251 		8.1414 		30.092
v 103.8302 		8.1414 		30.1034
v 103.8302 		8.1414 		32.8966
v 103.8251 		8.1414 		32.908
v 103.8101 		8.1414 		32.9192
v 103.7855 		8.1414 		32.9298
v 103.7519 		8.1414 		32.9395
v 103.7101 		8.1414 		32.9483
v 103.6612 		8.1414 		32.9557
v 103.6063 		8.1414 		32.9617
v 103.5469 		8.1414 		32.9661
v 103.4843 		8.1414 		32.9688
v 103.4202 		8.1414 		32.9697
v 87.7661 		8.1414 		32.9697
v 87.702 		8.1414 		32.9688
v 87.6394 		8.1414 		32.9661
v 87.58 		8.1414 		32.9617
v 87.5252 		8.1414 		32.9557
v 87.4762 		8.1414 		32.9483
v 87.4345 		8.1414 		32.9395
v 87.4008 		8.1414 		32.9298
v 87.3762 		8.1414 		32.9192
v 87.3612 		8.1414 		32.908
v 87.3562 		8.1414 		32.8966
v 87.2971 		8.199 		30.1034
v 87.3028 		8.199 		30.0904
v 87.32 		8.199 		30.0776
v 87.3482 		8.199 		30.0655
v 87.3867 		8.199 		30.0543
v 87.4345 		8.199 		30.0443
v 87.4904 		8.199 		30.0357
v 87.5532 		8.199 		30.0289
v 87.6212 		8.199 		30.0239
v 87.6927 		8.199 		30.0208
v 87.7661 		8.199 		30.0198
v 103.4202 		8.199 		30.0198
v 103.4936 		8.199 		30.0208
v 103.5652 		8.199 		30.0239
v 103.6332 		8.199 		30.0289
v 103.6959 		8.199 		30.0357
v 103.7519 		8.199 		30.0443
v 103.7997 		8.199 		30.0543
v 103.8381 		8.199 		30.0655
v 103.8663 		8.199 		30.0776
v 103.8835 		8.199 		30.0904
v 103.8893 		8.199 		30.1034
v 103.8893 		8.199 		32.8966
v 103.8835 		8.199 		32.9096
v 103.8663 		8.199 		32.9224
v 103.8381 		8.199 		32.9345
v 103.7997 		8.199 		32.9457
v 103.7519 		8.199 		32.9557
v 103.6959 		8.199 		32.9643
v 103.6332 		8.199 		32.9711
v 103.5652 		8.199 		32.9761
v 103.4936 		8.199 		32.9792
v 103.4202 		8.199 		32.9802
v 87.7661 		8.199 		32.9802
v 87.6927 		8.199 		32.9792
v 87.6212 		8.199 		32.9761
v 87.5532 		8.199 		32.9711
v 87.4904 		8.199 		32.9643
v 87.4345 		8.199 		32.9557
v 87.3867 		8.199 		32.9457
v 87.3482 		8.199 		32.9345
v 87.32 		8.199 		32.9224
v 87.3028 		8.199 		32.9096
v 87.2971 		8.199 		32.8966
v 87.2495 		8.2636 		30.1034
v 87.2559 		8.2636 		30.089
v 87.2748 		8.2636 		30.075
v 87.3058 		8.2636 		30.0616
v 87.3482 		8.2636 		30.0493
v 87.4008 		8.2636 		30.0383
v 87.4625 		8.2636 		30.0289
v 87.5316 		8.2636 		30.0213
v 87.6065 		8.2636 		30.0158
v 87.6853 		8.2636 		30.0124
v 87.7661 		8.2636 		30.0113
v 103.4202 		8.2636 		30.0113
v 103.501 		8.2636 		30.0124
v 103.5799 		8.2636 		30.0158
v 103.6547 		8.2636 		30.0213
v 103.7239 		8.2636 		30.0289
v 103.7855 		8.2636 		30.0383
v 103.8381 		8.2636 		30.0493
v 103.8805 		8.2636 		30.0616
v 103.9115 		8.2636 		30.075
v 103.9304 		8.2636 		30.089
v 103.9368 		8.2636 		30.1034
v 103.9368 		8.2636 		32.8966
v 103.9304 		8.2636 		32.911
v 103.9115 		8.2636 		32.925
v 103.8805 		8.2636 		32.9384
v 103.8381 		8.2636 		32.9507
v 103.7855 		8.2636 		32.9617
v 103.7239 		8.2636 		32.9711
v 103.6547 		8.2636 		32.9787
v 103.5799 		8.2636 		32.9842
v 103.501 		8.2636 		32.9876
v 103.4202 		8.2636 		32.9887
v 87.7661 		8.2636 		32.9887
v 87.6853 		8.2636 		32.9876
v 87.6065 		8.2636 		32.9842
v 87.5316 		8.2636 		32.9787
v 87.4625 		8.2636 		32.9711
v 87.4008 		8.2636 		32.9617
v 87.3482 		8.2636 		32.9507
v 87.3058 		8.2636 		32.9384
v 87.2748 		8.2636 		32.925
v 87.2559 		8.2636 		32.911
v 87.2495 		8.2636 		32.8966
v 87.2147 		8.3336 		30.1034
v 87.2215 		8.3336 		30.0881
v 87.2417 		8.3336 		30.073
v 87.2748 		8.3336 		30.0588
v 87.32 		8.3336 		30.0456
v 87.3762 		8.3336 		30.0339
v 87.442 		8.3336 		30.0239
v 87.5158 		8.3336 		30.0158
v 87.5957 		8.3336 		30.0099
v 87.6799 		8.3336 		30.0063
v 87.7661 		8.3336 		30.0051
v 103.4202 		8.3336 		30.0051
v 103.5065 		8.3336 		30.0063
v 103.5906 		8.3336 		30.0099
v 103.6705 		8.3336 		30.0158
v 103.7443 		8.3336 		30.0239
v 103.8101 		8.3336 		30.0339
v 103.8663 		8.3336 		30.0456
v 103.9115 		8.3336 		30.0588
v 103.9446 		8.3336 		30.073
v 103.9648 		8.3336 		30.0881
v 103.9716 		8.3336 		30.1034
v 103.9716 		8.3336 		32.8966
v 103.9648 		8.3336 		32.9119
v 103.9446 		8.3336 		32.927
v 103.9115 		8.3336 		32.9412
v 103.8663 		8.3336 		32.9544
v 103.8101 		8.3336 		32.9661
v 103.7443 		8.3336 		32.9761
v 103.6705 		8.3336 		32.9842
v 103.5906 		8.3336 		32.9901
v 103.5065 		8.3336 		32.9937
v 103.4202 		8.3336 		32.9949
v 87.7661 		8.3336 		32.9949
v 87.6799 		8.3336 		32.9937
v 87.5957 		8.3336 		32.9901
v 87.5158 		8.3336 		32.9842
v 87.442 		8.3336 		32.9761
v 87.3762 		8.3336 		32.9661
v 87.32 		8.3336 		32.9544
v 87.2748 		8.3336 		32.9412
v 87.2417 		8.3336 		32.927
v 87.2215 		8.3336 		32.9119
v 87.2147 		8.3336 		32.8966
v 87.1935 		8.4072 		30.1034
v 87.2005 		8.4072 		30.0875
v 87.2215 		8.4072 		30.0719
v 87.2559 		8.4072 		30.0571
v 87.3028 		8.4072 		30.0434
v 87.3612 		8.4072 		30.0312
v 87.4295 		8.4072 		30.0208
v 87.5061 		8.4072 		30.0124
v 87.5892 		8.4072 		30.0063
v 87.6765 		8.4072 		30.0025
v 87.7661 		8.4072 		30.0013
v 103.4202 		8.4072 		30.0013
v 103.5098 		8.4072 		30.0025
v 103.5972 		8.4072 		30.0063
v 103.6802 		8.4072 		30.0124
v 103.7568 		8.4072 		30.0208
v 103.8251 		8.4072 		30.0312
v 103.8835 		8.4072 		30.0434
v 103.9304 		8.4072 		30.0571
v 103.9648 		8.4072 		30.0719
v 103.9858 		8.4072 		30.0875
v 103.9929 		8.4072 		30.1034
v 103.9929 		8.4072 		32.8966
v 103.9858 		8.4072 		32.9125
v 103.9648 		8.4072 		32.9281
v 103.9304 		8.4072 		32.9429
v 103.8835 		8.4072 		32.9566
v 103.8251 		8.4072 		32.9688
v 103.7568 		8.4072 		32.9792
v 103.6802 		8.4072 		32.9876
v 103.5972 		8.4072 		32.9937
v 103.5098 		8.4072 		32.9975
v 103.4202 		8.4072 		32.9987
v 87.7661 		8.4072 		32.9987
v 87.6765 		8.4072 		32.9975
v 87.5892 		8.4072 		32.9937
v 87.5061 		8.4072 		32.9876
v 87.4295 		8.4072 		32.9792
v 87.3612 		8.4072 		32.9688
v 87.3028 		8.4072 		32.9566
v 87.2559 		8.4072 		32.9429
v 87.2215 		8.4072 		32.9281
v 87.2005 		8.4072 		32.9125
v 87.1935 		8.4072 		32.8966
v 87.1863 		8.4828 		30.1034
v 87.1935 		8.4828 		30.0873
v 87.2147 		8.4828 		30.0715
v 87.2495 		8.4828 		30.0565
v 87.2971 		8.4828 		30.0426
v 87.3562 		8.4828 		30.0303
v 87.4253 		8.4828 		30.0198
v 87.5029 		8.4828 		30.0113
v 87.587 		8.4828 		30.0051
v 87.6754 		8.4828 		30.0013
v 87.7661 		8.4828 		30
v 103.4202 		8.4828 		30
v 103.5109 		8.4828 		30.0013
v 103.5994 		8.4828 		30.0051
v 103.6834 		8.4828 		30.0113
v 103.761 		8.4828 		30.0198
v 103.8302 		8.4828 		30.0303
v 103.8893 		8.4828 		30.0426
v 103.9368 		8.4828 		30.0565
v 103.9716 		8.4828 		30.0715
v 103.9929 		8.4828 		30.0873
v 104 		8.4828 		30.1034
v 104 		8.4828 		32.8966
v 103.9929 		8.4828 		32.9127
v 103.9716 		8.4828 		32.9285
v 103.9368 		8.4828 		32.9435
v 103.8893 		8.4828 		32.9574
v 103.8302 		8.4828 		32.9697
v 103.761 		8.4828 		32.9802
v 103.6834 		8.4828 		32.9887
v 103.5994 		8.4828 		32.9949
v 103.5109 		8.4828 		32.9987
v 103.4202 		8.4828 		33
v 87.7661 		8.4828 		33
v 87.6754 		8.4828 		32.9987
v 87.587 		8.4828 		32.9949
v 87.5029 		8.4828 		32.9887
v 87.4253 		8.4828 		32.9802
v 87.3562 		8.4828 		32.9697
v 87.2971 		8.4828 		32.9574
v 87.2495 		8.4828 		32.9435
v 87.2147 		8.4828 		32.9285
v 87.1935 		8.4828 		32.9127
v 87.1863 		8.4828 		32.8966
v 87.1863 		21.5172 		30.1034
v 87.1935 		21.5172 		30.0873
v 87.2147 		21.5172 		30.0715
v 87.2495 		21.5172 		30.0565
v 87.2971 		21.5172 		30.0426
v 87.3562 		21.5172 		30.0303
v 87.4253 		21.5172 		30.0198
v 87.5029 		21.5172 		30.0113
v 87.587 		21.5172 		30.0051
v 87.6754 		21.5172 		30.0013
v 87.7661 		21.5172 		30
v 103.4202 		21.5172 		30
v 103.5109 		21.5172 		30.0013
v 103.5994 		21.5172 		30.0051
v 103.6834 		21.5172 		30.0113
v 103.761 		21.5172 		30.0198
v 103.8302 		21.5172 		30.0303
v 103.8893 		21.5172 		30.0426
v 103.9368 		21.5172 		30.0565
v 103.9716 		21.5172 		30.0715
v 103.9929 		21.5172 		30.0873
v 104 		21.5172 		30.1034
v 104 		21.5172 		32.8966
v 103.9929 		21.5172 		32.9127
v 103.9716 		21.5172 		32.9285
v 103.9368 		21.5172 		32.9435
v 103.8893 		21.5172 		32.9574
v 103.8302 		21.5172 		32.9697
v 103.761 		21.5172 		32.9802
v 103.6834 		21.5172 		32.9887
v 103.5994 		21.5172 		32.9949
v 103.5109 		21.5172 		32.9987
v 103.4202 		21.5172 		33
v 87.7661 		21.5172 		33
v 87.6754 		21.5172 		32.9987
v 87.587 		21.5172 		32.9949
v 87.5029 		21.5172 		32.9887
v 87.4253 		21.5172 		32.9802
v 87.3562 		21.5172 		32.9697
v 87.2971 		21.5172 		32.9574
v 87.2495 		21.5172 		32.9435
v 87.2147 		21.5172 		32.9285
v 87.1935 		21.5172 		32.9127
v 87.1863 		21.5172 		32.8966
v 87.1935 		21.5928 		30.1034
v 87.2005 		21.5928 		30.0875
v 87.2215 		21.5928 		30.0719
v 87.2559 		21.5928 		30.0571
v 87.3028 		21.5928 		30.0434
v 87.3612 		21.5928 		30.0312
v 87.4295 		21.5928 		30.0208
v 87.5061 		21.5928 		30.0124
v 87.5892 		21.5928 		30.0063
v 87.6765 		21.5928 		30.0025
v 87.7661 		21.5928 		30.0013
v 103.4202 		21.5928 		30.0013
v 103.5098 		21.5928 		30.0025
v 103.5972 		21.5928 		30.0063
v 103.6802 		21.5928 		30.0124
v 103.7568 		21.5928 		30.0208
v 103.8251 		21.5928 		30.0312
v 103.8835 		21.5928 		30.0434
v 103.9304 		21.5928 		30.0571
v 103.9648 		21.5928 		30.0719
v 103.9858 		21.5928 		30.0875
v 103.9929 		21.5928 		30.1034
v 103.9929 		21.5928 		32.8966
v 103.9858 		21.5928 		32.9125
v 103.9648 		21.5928 		32.9281
v 103.9304 		21.5928 		32.9429
v 103.8835 		21.5928 		32.9566
v 103.8251 		21.5928 		32.9688
v 103.7568 		21.5928 		32.9792
v 103.6802 		21.5928 		32.9876
v 103.5972 		21.5928 		32.9937
v 103.5098 		21.5928 		32.9975
v 103.4202 		21.5928 		32.9987
v 87.7661 		21.5928 		32.9987
v 87.6765 		21.5928 		32.9975
v 87.5892 		21.5928 		32.9937
v 87.5061 		21.5928 		32.9876
v 87.4295 		21.5928 		32.9792
v 87.3612 		21.5928 		32.9688
v 87.3028 		21.5928 		32.9566
v 87.2559 		21.5928 		32.9429
v 87.2215 		21.5928 		32.9281
v 87.2005 		21.5928 		32.9125
v 87.1935 		21.5928 		32.8966
v 87.2147 		21.6664 		30.1034
v 87.2215 		21.6664 		30.0881
v 87.2417 		21.6664 		30.073
v 87.2748 		21.6664 		30.0588
v 87.32 		21.6664 		30.0456
v 87.3762 		21.6664 		30.0339
v 87.442 		21.6664 		30.0239
v 87.5158 		21.6664 		30.0158
v 87.5957 		21.6664 		30.0099
v 87.6799 		21.6664 		30.0063
v 87.7661 		21.6664 		30.0051
v 103.4202 		21.6664 		30.0051
v 103.5065 		21.6664 		30.0063
v 103.5906 		21.6664 		30.0099
v 103.6705 		21.6664 		30.0158
v 103.7443 		21.6664 		30.0239
v 103.8101 		21.6664 		30.0339
v 103.8663 		21.6664 		30.0456
v 103.9115 		21.6664 		30.0588
v 103.9446 		21.6664 		30.073
v 103.9648 		21.6664 		30.0881
v 103.9716 		21.6664 		30.1034
v 103.9716 		21.6664 		32.8966
v 103.9648 		21.6664 		32.9119
v 103.9446 		21.6664 		32.927
v 103.9115 		21.6664 		32.9412
v 103.8663 		21.6664 		32.9544
v 103.8101 		21.6664 		32.9661
v 103.7443 		21.6664 		32.9761
v 103.6705 		21.6664 		32.9842
v 103.5906 		21.6664 		32.9901
v 103.5065 		21.6664 		32.9937
v 103.4202 		21.6664 		32.9949
v 87.7661 		21.6664 		32.9949
v 87.6799 		21.6664 		32.9937
v 87.5957 		21.6664 		32.9901
v 87.5158 		21.6664 		32.9842
v 87.442 		21.6664 		32.9761
v 87.3762 		21.6664 		32.9661
v 87.32 		21.6664 		32.9544
v 87.2748 		21.6664 		32.9412
v 87.2417 		21.6664 		32.927
v 87.2215 		21.6664 		32.9119
v 87.2147 		21.6664 		32.8966
v 87.2495 		21.7364 		30.1034
v 87.2559 		21.7364 		30.089
v 87.2748 		21.7364 		30.075
v 87.3058 		21.7364 		30.0616
v 87.3482 		21.7364 		30.0493
v 87.4008 		21.7364 		30.0383
v 87.4625 		21.7364 		30.0289
v 87.5316 		21.7364 		30.0213
v 87.6065 		21.7364 		30.0158
v 87.6853 		21.7364 		30.0124
v 87.7661 		21.7364 		30.0113
v 103.4202 		21.7364 		30.0113
v 103.501 		21.7364 		30.0124
v 103.5799 		21.7364 		30.0158
v 103.6547 		21.7364 		30.0213
v 103.7239 		21.7364 		30.0289
v 103.7855 		21.7364 		30.0383
v 103.8381 		21.7364 		30.0493
v 103.8805 		21.7364 		30.0616
v 103.9115 		21.7364 		30.075
v 103.9304 		21.7364 		30.089
v 103.9368 		21.7364 		30.1034
v 103.9368 		21.7364 		32.8966
v 103.9304 		21.7364 		32.911
v 103.9115 		21.7364 		32.925
v 103.8805 		21.7364 		32.9384
v 103.8381 		21.7364 		32.9507
v 103.7855 		21.7364 		32.9617
v 103.7239 		21.7364 		32.9711
v 103.6547 		21.7364 		32.9787
v 103.5799 		21.7364 		32.9842
v 103.501 		21.7364 		32.9876
v 103.4202 		21.7364 		32.9887
v 87.7661 		21.7364 		32.9887
v 87.6853 		21.7364 		32.9876
v 87.6065 		21.7364 		32.9842
v 87.5316 		21.7364 		32.9787
v 87.4625 		21.7364 		32.9711
v 87.4008 		21.7364 		32.9617
v 87.3482 		21.7364 		32.9507
v 87.3058 		21.7364 		32.9384
v 87.2748 		21.7364 		32.925
v 87.2559 		21.7364 		32.911
v 87.2495 		21.7364 		32.8966
v 87.2971 		21.801 		30.1034
v 87.3028 		21.801 		30.0904
v 87.32 		21.801 		30.0776
v 87.3482 		21.801 		30.0655
v 87.3867 		21.801 		30.0543
v 87.4345 		21.801 		30.0443
v 87.4904 		21.801 		30.0357
v 87.5532 		21.801 		30.0289
v 87.6212 		21.801 		30.0239
v 87.6927 		21.801 		30.0208
v 87.7661 		21.801 		30.0198
v 103.4202 		21.801 		30.0198
v 103.4936 		21.801 		30.0208
v 103.5652 		21.801 		30.0239
v 103.6332 		21.801 		30.0289
v 103.6959 		21.801 		30.0357
v 103.7519 		21.801 		30.0443
v 103.7997 		21.801 		30.0543
v 103.8381 		21.801 		30.0655
v 103.8663 		21.801 		30.0776
v 103.8835 		21.801 		30.0904
v 103.8893 		21.801 		30.1034
v 103.8893 		21.801 		32.8966
v 103.8835 		21.801 		32.9096
v 103.8663 		21.801 		32.9224
v 103.8381 		21.801 		32.9345
v 103.7997 		21.801 		32.9457
v 103.7519 		21.801 		32.9557
v 103.6959 		21.801 		32.9643
v 103.6332 		21.801 		32.9711
v 103.5652 		21.801 		32.9761
v 103.4936 		21.801 		32.9792
v 103.4202 		21.801 		32.9802
v 87.7661 		21.801 		32.9802
v 87.6927 		21.801 		32.9792
v 87.6212 		21.801 		32.9761
v 87.5532 		21.801 		32.9711
v 87.4904 		21.801 		32.9643
v 87.4345 		21.801 		32.9557
v 87.3867 		21.801 		32.9457
v 87.3482 		21.801 		32.9345
v 87.32 		21.801 		32.9224
v 87.3028 		21.801 		32.9096
v 87.2971 		21.801 		32.8966
v 87.3562 		21.8586 		30.1034
v 87.3612 		21.8586 		30.092
v 87.3762 		21.8586 		30.0808
v 87.4008 		21.8586 		30.0702
v 87.4345 		21.8586 		30.0605
v 87.4762 		21.8586 		30.0517
v 87.5252 		21.8586 		30.0443
v 87.58 		21.8586 		30.0383
v 87.6394 		21.8586 		30.0339
v 87.702 		21.8586 		30.0312
v 87.7661 		21.8586 		30.0303
v 103.4202 		21.8586 		30.0303
v 103.4843 		21.8586 		30.0312
v 103.5469 		21.8586 		30.0339
v 103.6063 		21.8586 		30.0383
v 103.6612 		21.8586 		30.0443
v 103.7101 		21.8586 		30.0517
v 103.7519 		21.8586 		30.0605
v 103.7855 		21.8586 		30.0702
v 103.8101 		21.8586 		30.0808
v 103.8251 		21.8586 		30.092
v 103.8302 		21.8586 		30.1034
v 103.8302 		21.8586 		32.8966
v 103.8251 		21.8586 		32.908
v 103.8101 		21.8586 		32.9192
v 103.7855 		21.8586 		32.9298
v 103.7519 		21.8586 		32.9395
v 103.7101 		21.8586 		32.9483
v 103.6612 		21.8586 		32.9557
v 103.6063 		21.8586 		32.9617
v 103.5469 		21.8586 		32.9661
v 103.4843 		21.8586 		32.9688
v 103.4202 		21.8586 		32.9697
v 87.7661 		21.8586 		32.9697
v 87.702 		21.8586 		32.9688
v 87.6394 		21.8586 		32.9661
v 87.58 		21.8586 		32.9617
v 87.5252 		21.8586 		32.9557
v 87.4762 		21.8586 		32.9483
v 87.4345 		21.8586 		32.9395
v 87.4008 		21.8586 		32.9298
v 87.3762 		21.8586 		32.9192
v 87.3612 		21.8586 		32.908
v 87.3562 		21.8586 		32.8966
v 87.4253 		21.9078 		30.1034
v 87.4295 		21.9078 		30.0939
v 87.442 		21.9078 		30.0847
v 87.4625 		21.9078 		30.0758
v 87.4904 		21.9078 		30.0677
v 87.5252 		21.9078 		30.0605
v 87.5658 		21.9078 		30.0543
v 87.6114 		21.9078 		30.0493
v 87.6608 		21.9078 		30.0456
v 87.7128 		21.9078 		30.0434
v 87.7661 		21.9078 		30.0426
v 103.4202 		21.9078 		30.0426
v 103.4735 		21.9078 		30.0434
v 103.5255 		21.9078 		30.0456
v 103.5749 		21.9078 		30.0493
v 103.6205 		21.9078 		30.0543
v 103.6612 		21.9078 		30.0605
v 103.6959 		21.9078 		30.0677
v 103.7239 		21.9078 		30.0758
v 103.7443 		21.9078 		30.0847
v 103.7568 		21.9078 		30.0939
v 103.761 		21.9078 		30.1034
v 103.761 		21.9078 		32.8966
v 103.7568 		21.9078 		32.9061
v 103.7443 		21.9078 		32.9153
v 103.7239 		21.9078 		32.9242
v 103.6959 		21.9078 		32.9323
v 103.6612 		21.9078 		32.9395
v 103.6205 		21.9078 		32.9457
v 103.5749 		21.9078 		32.9507
v 103.5255 		21.9078 		32.9544
v 103.4735 		21.9078 		32.9566
v 103.4202 		21.9078 		32.9574
v 87.7661 		21.9078 		32.9574
v 87.7128 		21.9078 		32.9566
v 87.6608 		21.9078 		32.9544
v 87.6114 		21.9078 		32.9507
v 87.5658 		21.9078 		32.9457
v 87.5252 		21.9078 		32.9395
v 87.4904 		21.9078 		32.9323
v 87.4625 		21.9078 		32.9242
v 87.442 		21.9078 		32.9153
v 87.4295 		21.9078 		32.9061
v 87.4253 		21.9078 		32.8966
v 87.5029 		21.9474 		30.1034
v 87.5061 		21.9474 		30.0961
v 87.5158 		21.9474 		30.0889
v 87.5316 		21.9474 		30.0821
v 87.5532 		21.9474 		30.0758
v 87.58 		21.9474 		30.0702
v 87.6114 		21.9474 		30.0655
v 87.6466 		21.9474 		30.0616
v 87.6848 		21.9474 		30.0588
v 87.7249 		21.9474 		30.0571
v 87.7661 		21.9474 		30.0565
v 103.4202 		21.9474 		30.0565
v 103.4614 		21.9474 		30.0571
v 103.5016 		21.9474 		30.0588
v 103.5397 		21.9474 		30.0616
v 103.5749 		21.9474 		30.0655
v 103.6063 		21.9474 		30.0702
v 103.6332 		21.9474 		30.0758
v 103.6547 		21.9474 		30.0821
v 103.6705 		21.9474 		30.0889
v 103.6802 		21.9474 		30.0961
v 103.6834 		21.9474 		30.1034
v 103.6834 		21.9474 		32.8966
v 103.6802 		21.9474 		32.9039
v 103.6705 		21.9474 		32.9111
v 103.6547 		21.9474 		32.9179
v 103.6332 		21.9474 		32.9242
v 103.6063 		21.9474 		32.9298
v 103.5749 		21.9474 		32.9345
v 103.5397 		21.9474 		32.9384
v 103.5016 		21.9474 		32.9412
v 103.4614 		21.9474 		32.9429
v 103.4202 		21.9474 		32.9435
v 87.7661 		21.9474 		32.9435
v 87.7249 		21.9474 		32.9429
v 87.6848 		21.9474 		32.9412
v 87.6466 		21.9474 		32.9384
v 87.6114 		21.9474 		32.9345
v 87.58 		21.9474 		32.9298
v 87.5532 		21.9474 		32.9242
v 87.5316 		21.9474 		32.9179
v 87.5158 		21.9474 		32.9111
v 87.5061 		21.9474 		32.9039
v 87.5029 		21.9474 		32.8966
v 87.587 		21.9764 		30.1034
v 87.5892 		21.9764 		30.0984
v 87.5957 		21.9764 		30.0936
v 87.6065 		21.9764 		30.0889
v 87.6212 		21.9764 		30.0847
v 87.6394 		21.9764 		30.0808
v 87.6608 		21.9764 		30.0776
v 87.6848 		21.9764 		30.075
v 87.7108 		21.9764 		30.073
v 87.7381 		21.9764 		30.0719
v 87.7661 		21.9764 		30.0715
v 103.4202 		21.9764 		30.0715
v 103.4482 		21.9764 		30.0719
v 103.4756 		21.9764 		30.073
v 103.5016 		21.9764 		30.075
v 103.5255 		21.9764 		30.0776
v 103.5469 		21.9764 		30.0808
v 103.5652 		21.9764 		30.0847
v 103.5799 		21.9764 		30.0889
v 103.5906 		21.9764 		30.0936
v 103.5972 		21.9764 		30.0984
v 103.5994 		21.9764 		30.1034
v 103.5994 		21.9764 		32.8966
v 103.5972 		21.9764 		32.9016
v 103.5906 		21.9764 		32.9064
v 103.5799 		21.9764 		32.9111
v 103.5652 		21.9764 		32.9153
v 103.5469 		21.9764 		32.9192
v 103.5255 		21.9764 		32.9224
v 103.5016 		21.9764 		32.925
v 103.4756 		21.9764 		32.927
v 103.4482 		21.9764 		32.9281
v 103.4202 		21.9764 		32.9285
v 87.7661 		21.9764 		32.9285
v 87.7381 		21.9764 		32.9281
v 87.7108 		21.9764 		32.927
v 87.6848 		21.9764 		32.925
v 87.6608 		21.9764 		32.9224
v 87.6394 		21.9764 		32.9192
v 87.6212 		21.9764 		32.9153
v 87.6065 		21.9764 		32.9111
v 87.5957 		21.9764 		32.9064
v 87.5892 		21.9764 		32.9016
v 87.587 		21.9764 		32.8966
v 87.6754 		21.9941 		30.1034
v 87.6765 		21.9941 		30.1009
v 87.6799 		21.9941 		30.0984
v 87.6853 		21.9941 		30.0961
v 87.6927 		21.9941 		30.0939
v 87.702 		21.9941 		30.092
v 87.7128 		21.9941 		30.0904
v 87.7249 		21.9941 		30.089
v 87.7381 		21.9941 		30.0881
v 87.7519 		21.9941 		30.0875
v 87.7661 		21.9941 		30.0873
v 103.4202 		21.9941 		30.0873
v 103.4344 		21.9941 		30.0875
v 103.4482 		21.9941 		30.0881
v 103.4614 		21.9941 		30.089
v 103.4735 		21.9941 		30.0904
v 103.4843 		21.9941 		30.092
v 103.4936 		21.9941 		30.0939
v 103.501 		21.9941 		30.0961
v 103.5065 		21.9941 		30.0984
v 103.5098 		21.9941 		30.1009
v 103.5109 		21.9941 		30.1034
v 103.5109 		21.9941 		32.8966
v 103.5098 		21.9941 		32.8991
v 103.5065 		21.9941 		32.9016
v 103.501 		21.9941 		32.9039
v 103.4936 		21.9941 		32.9061
v 103.4843 		21.9941 		32.908
v 103.4735 		21.9941 		32.9096
v 103.4614 		21.9941 		32.911
v 103.4482 		21.9941 		32.9119
v 103.4344 		21.9941 		32.9125
v 103.4202 		21.9941 		32.9127
v 87.7661 		21.9941 		32.9127
v 87.7519 		21.9941 		32.9125
v 87.7381 		21.9941 		32.9119
v 87.7249 		21.9941 		32.911
v 87.7128 		21.9941 		32.9096
v 87.702 		21.9941 		32.908
v 87.6927 		21.9941 		32.9061
v 87.6853 		21.9941 		32.9039
v 87.6799 		21.9941 		32.9016
v 87.6765 		21.9941 		32.8991
v 87.6754 		21.9941 		32.8966
v 87.7661 		22 		30.1034
v 103.4202 		22 		30.1034
v 103.4202 		22 		32.8966
v 87.7661 		22 		32.8966
# 888 vertices

g group_4_15277357

usemtl color_15277357
s 0

f 393 	397 	398
f 393 	398 	399
f 393 	399 	400
f 393 	400 	401
f 393 	401 	402
f 393 	402 	403
f 393 	403 	404
f 393 	404 	405
f 393 	405 	406
f 393 	406 	407
f 394 	393 	408
f 393 	407 	408
f 394 	408 	409
f 394 	409 	410
f 394 	410 	411
f 394 	411 	412
f 394 	412 	413
f 394 	413 	414
f 394 	414 	415
f 394 	415 	416
f 394 	416 	417
f 394 	417 	418
f 395 	394 	419
f 394 	418 	419
f 395 	419 	420
f 395 	420 	421
f 395 	421 	422
f 395 	422 	423
f 395 	423 	424
f 395 	424 	425
f 395 	425 	426
f 395 	426 	427
f 395 	427 	428
f 395 	428 	429
f 396 	395 	430
f 395 	429 	430
f 396 	430 	431
f 396 	431 	432
f 396 	432 	433
f 396 	433 	434
f 396 	434 	435
f 396 	435 	436
f 396 	436 	437
f 396 	437 	438
f 396 	438 	439
f 396 	439 	440
f 393 	396 	397
f 396 	440 	397
f 398 	397 	442
f 397 	441 	442
f 399 	398 	443
f 398 	442 	443
f 400 	399 	444
f 399 	443 	444
f 401 	400 	445
f 400 	444 	445
f 402 	401 	446
f 401 	445 	446
f 403 	402 	447
f 402 	446 	447
f 404 	403 	448
f 403 	447 	448
f 405 	404 	449
f 404 	448 	449
f 406 	405 	450
f 405 	449 	450
f 407 	406 	451
f 406 	450 	451
f 408 	407 	452
f 407 	451 	452
f 409 	408 	453
f 408 	452 	453
f 410 	409 	454
f 409 	453 	454
f 411 	410 	455
f 410 	454 	455
f 412 	411 	456
f 411 	455 	456
f 413 	412 	457
f 412 	456 	457
f 414 	413 	458
f 413 	457 	458
f 415 	414 	459
f 414 	458 	459
f 416 	415 	460
f 415 	459 	460
f 417 	416 	461
f 416 	460 	461
f 418 	417 	462
f 417 	461 	462
f 419 	418 	463
f 418 	462 	463
f 420 	419 	464
f 419 	463 	464
f 421 	420 	465
f 420 	464 	465
f 422 	421 	466
f 421 	465 	466
f 423 	422 	467
f 422 	466 	467
f 424 	423 	468
f 423 	467 	468
f 425 	424 	469
f 424 	468 	469
f 426 	425 	470
f 425 	469 	470
f 427 	426 	471
f 426 	470 	471
f 428 	427 	472
f 427 	471 	472
f 429 	428 	473
f 428 	472 	473
f 430 	429 	474
f 429 	473 	474
f 431 	430 	475
f 430 	474 	475
f 432 	431 	476
f 431 	475 	476
f 433 	432 	477
f 432 	476 	477
f 434 	433 	478
f 433 	477 	478
f 435 	434 	479
f 434 	478 	479
f 436 	435 	480
f 435 	479 	480
f 437 	436 	481
f 436 	480 	481
f 438 	437 	482
f 437 	481 	482
f 439 	438 	483
f 438 	482 	483
f 440 	439 	484
f 439 	483 	484
f 397 	440 	441
f 440 	484 	441
f 442 	441 	486
f 441 	485 	486
f 443 	442 	487
f 442 	486 	487
f 444 	443 	488
f 443 	487 	488
f 445 	444 	489
f 444 	488 	489
f 446 	445 	490
f 445 	489 	490
f 447 	446 	491
f 446 	490 	491
f 448 	447 	492
f 447 	491 	492
f 449 	448 	493
f 448 	492 	493
f 450 	449 	494
f 449 	493 	494
f 451 	450 	495
f 450 	494 	495
f 452 	451 	496
f 451 	495 	496
f 453 	452 	497
f 452 	496 	497
f 454 	453 	498
f 453 	497 	498
f 455 	454 	499
f 454 	498 	499
f 456 	455 	500
f 455 	499 	500
f 457 	456 	501
f 456 	500 	501
f 458 	457 	502
f 457 	501 	502
f 459 	458 	503
f 458 	502 	503
f 460 	459 	504
f 459 	503 	504
f 461 	460 	505
f 460 	504 	505
f 462 	461 	506
f 461 	505 	506
f 463 	462 	507
f 462 	506 	507
f 464 	463 	508
f 463 	507 	508
f 465 	464 	509
f 464 	508 	509
f 466 	465 	510
f 465 	509 	510
f 467 	466 	511
f 466 	510 	511
f 468 	467 	512
f 467 	511 	512
f 469 	468 	513
f 468 	512 	513
f 470 	469 	514
f 469 	513 	514
f 471 	470 	515
f 470 	514 	515
f 472 	471 	516
f 471 	515 	516
f 473 	472 	517
f 472 	516 	517
f 474 	473 	518
f 473 	517 	518
f 475 	474 	519
f 474 	518 	519
f 476 	475 	520
f 475 	519 	520
f 477 	476 	521
f 476 	520 	521
f 478 	477 	522
f 477 	521 	522
f 479 	478 	523
f 478 	522 	523
f 480 	479 	524
f 479 	523 	524
f 481 	480 	525
f 480 	524 	525
f 482 	481 	526
f 481 	525 	526
f 483 	482 	527
f 482 	526 	527
f 484 	483 	528
f 483 	527 	528
f 441 	484 	485
f 484 	528 	485
f 486 	485 	530
f 485 	529 	530
f 487 	486 	531
f 486 	530 	531
f 488 	487 	532
f 487 	531 	532
f 489 	488 	533
f 488 	532 	533
f 490 	489 	534
f 489 	533 	534
f 491 	490 	535
f 490 	534 	535
f 492 	491 	536
f 491 	535 	536
f 493 	492 	537
f 492 	536 	537
f 494 	493 	538
f 493 	537 	538
f 495 	494 	539
f 494 	538 	539
f 496 	495 	540
f 495 	539 	540
f 497 	496 	541
f 496 	540 	541
f 498 	497 	542
f 497 	541 	542
f 499 	498 	543
f 498 	542 	543
f 500 	499 	544
f 499 	543 	544
f 501 	500 	545
f 500 	544 	545
f 502 	501 	546
f 501 	545 	546
f 503 	502 	547
f 502 	546 	547
f 504 	503 	548
f 503 	547 	548
f 505 	504 	549
f 504 	548 	549
f 506 	505 	550
f 505 	549 	550
f 507 	506 	551
f 506 	550 	551
f 508 	507 	552
f 507 	551 	552
f 509 	508 	553
f 508 	552 	553
f 510 	509 	554
f 509 	553 	554
f 511 	510 	555
f 510 	554 	555
f 512 	511 	556
f 511 	555 	556
f 513 	512 	557
f 512 	556 	557
f 514 	513 	558
f 513 	557 	558
f 515 	514 	559
f 514 	558 	559
f 516 	515 	560
f 515 	559 	560
f 517 	516 	561
f 516 	560 	561
f 518 	517 	562
f 517 	561 	562
f 519 	518 	563
f 518 	562 	563
f 520 	519 	564
f 519 	563 	564
f 521 	520 	565
f 520 	564 	565
f 522 	521 	566
f 521 	565 	566
f 523 	522 	567
f 522 	566 	567
f 524 	523 	568
f 523 	567 	568
f 525 	524 	569
f 524 	568 	569
f 526 	525 	570
f 525 	569 	570
f 527 	526 	571
f 526 	570 	571
f 528 	527 	572
f 527 	571 	572
f 485 	528 	529
f 528 	572 	529
f 530 	529 	574
f 529 	573 	574
f 531 	530 	575
f 530 	574 	575
f 532 	531 	576
f 531 	575 	576
f 533 	532 	577
f 532 	576 	577
f 534 	533 	578
f 533 	577 	578
f 535 	534 	579
f 534 	578 	579
f 536 	535 	580
f 535 	579 	580
f 537 	536 	581
f 536 	580 	581
f 538 	537 	582
f 537 	581 	582
f 539 	538 	583
f 538 	582 	583
f 540 	539 	584
f 539 	583 	584
f 541 	540 	585
f 540 	584 	585
f 542 	541 	586
f 541 	585 	586
f 543 	542 	587
f 542 	586 	587
f 544 	543 	588
f 543 	587 	588
f 545 	544 	589
f 544 	588 	589
f 546 	545 	590
f 545 	589 	590
f 547 	546 	591
f 546 	590 	591
f 548 	547 	592
f 547 	591 	592
f 549 	548 	593
f 548 	592 	593
f 550 	549 	594
f 549 	593 	594
f 551 	550 	595
f 550 	594 	595
f 552 	551 	596
f 551 	595 	596
f 553 	552 	597
f 552 	596 	597
f 554 	553 	598
f 553 	597 	598
f 555 	554 	599
f 554 	598 	599
f 556 	555 	600
f 555 	599 	600
f 557 	556 	601
f 556 	600 	601
f 558 	557 	602
f 557 	601 	602
f 559 	558 	603
f 558 	602 	603
f 560 	559 	604
f 559 	603 	604
f 561 	560 	605
f 560 	604 	605
f 562 	561 	606
f 561 	605 	606
f 563 	562 	607
f 562 	606 	607
f 564 	563 	608
f 563 	607 	608
f 565 	564 	609
f 564 	608 	609
f 566 	565 	610
f 565 	609 	610
f 567 	566 	611
f 566 	610 	611
f 568 	567 	612
f 567 	611 	612
f 569 	568 	613
f 568 	612 	613
f 570 	569 	614
f 569 	613 	614
f 571 	570 	615
f 570 	614 	615
f 572 	571 	616
f 571 	615 	616
f 529 	572 	573
f 572 	616 	573
f 574 	573 	618
f 573 	617 	618
f 575 	574 	619
f 574 	618 	619
f 576 	575 	620
f 575 	619 	620
f 577 	576 	621
f 576 	620 	621
f 578 	577 	622
f 577 	621 	622
f 579 	578 	623
f 578 	622 	623
f 580 	579 	624
f 579 	623 	624
f 581 	580 	625
f 580 	624 	625
f 582 	581 	626
f 581 	625 	626
f 583 	582 	627
f 582 	626 	627
f 584 	583 	628
f 583 	627 	628
f 585 	584 	629
f 584 	628 	629
f 586 	585 	630
f 585 	629 	630
f 587 	586 	631
f 586 	630 	631
f 588 	587 	632
f 587 	631 	632
f 589 	588 	633
f 588 	632 	633
f 590 	589 	634
f 589 	633 	634
f 591 	590 	635
f 590 	634 	635
f 592 	591 	636
f 591 	635 	636
f 593 	592 	637
f 592 	636 	637
f 594 	593 	638
f 593 	637 	638
f 595 	594 	639
f 594 	638 	639
f 596 	595 	640
f 595 	639 	640
f 597 	596 	641
f 596 	640 	641
f 598 	597 	642
f 597 	641 	642
f 599 	598 	643
f 598 	642 	643
f 600 	599 	644
f 599 	643 	644
f 601 	600 	645
f 600 	644 	645
f 602 	601 	646
f 601 	645 	646
f 603 	602 	647
f 602 	646 	647
f 604 	603 	648
f 603 	647 	648
f 605 	604 	649
f 604 	648 	649
f 606 	605 	650
f 605 	649 	650
f 607 	606 	651
f 606 	650 	651
f 608 	607 	652
f 607 	651 	652
f 609 	608 	653
f 608 	652 	653
f 610 	609 	654
f 609 	653 	654
f 611 	610 	655
f 610 	654 	655
f 612 	611 	656
f 611 	655 	656
f 613 	612 	657
f 612 	656 	657
f 614 	613 	658
f 613 	657 	658
f 615 	614 	659
f 614 	658 	659
f 616 	615 	660
f 615 	659 	660
f 573 	616 	617
f 616 	660 	617
f 618 	617 	662
f 617 	661 	662
f 619 	618 	663
f 618 	662 	663
f 620 	619 	664
f 619 	663 	664
f 621 	620 	665
f 620 	664 	665
f 622 	621 	666
f 621 	665 	666
f 623 	622 	667
f 622 	666 	667
f 624 	623 	668
f 623 	667 	668
f 625 	624 	669
f 624 	668 	669
f 626 	625 	670
f 625 	669 	670
f 627 	626 	671
f 626 	670 	671
f 628 	627 	672
f 627 	671 	672
f 629 	628 	673
f 628 	672 	673
f 630 	629 	674
f 629 	673 	674
f 631 	630 	675
f 630 	674 	675
f 632 	631 	676
f 631 	675 	676
f 633 	632 	677
f 632 	676 	677
f 634 	633 	678
f 633 	677 	678
f 635 	634 	679
f 634 	678 	679
f 636 	635 	680
f 635 	679 	680
f 637 	636 	681
f 636 	680 	681
f 638 	637 	682
f 637 	681 	682
f 639 	638 	683
f 638 	682 	683
f 640 	639 	684
f 639 	683 	684
f 641 	640 	685
f 640 	684 	685
f 642 	641 	686
f 641 	685 	686
f 643 	642 	687
f 642 	686 	687
f 644 	643 	688
f 643 	687 	688
f 645 	644 	689
f 644 	688 	689
f 646 	645 	690
f 645 	689 	690
f 647 	646 	691
f 646 	690 	691
f 648 	647 	692
f 647 	691 	692
f 649 	648 	693
f 648 	692 	693
f 650 	649 	694
f 649 	693 	694
f 651 	650 	695
f 650 	694 	695
f 652 	651 	696
f 651 	695 	696
f 653 	652 	697
f 652 	696 	697
f 654 	653 	698
f 653 	697 	698
f 655 	654 	699
f 654 	698 	699
f 656 	655 	700
f 655 	699 	700
f 657 	656 	701
f 656 	700 	701
f 658 	657 	702
f 657 	701 	702
f 659 	658 	703
f 658 	702 	703
f 660 	659 	704
f 659 	703 	704
f 617 	660 	661
f 660 	704 	661
f 662 	661 	706
f 661 	705 	706
f 663 	662 	707
f 662 	706 	707
f 664 	663 	708
f 663 	707 	708
f 665 	664 	709
f 664 	708 	709
f 666 	665 	710
f 665 	709 	710
f 667 	666 	711
f 666 	710 	711
f 668 	667 	712
f 667 	711 	712
f 669 	668 	713
f 668 	712 	713
f 670 	669 	714
f 669 	713 	714
f 671 	670 	715
f 670 	714 	715
f 672 	671 	716
f 671 	715 	716
f 673 	672 	717
f 672 	716 	717
f 674 	673 	718
f 673 	717 	718
f 675 	674 	719
f 674 	718 	719
f 676 	675 	720
f 675 	719 	720
f 677 	676 	721
f 676 	720 	721
f 678 	677 	722
f 677 	721 	722
f 679 	678 	723
f 678 	722 	723
f 680 	679 	724
f 679 	723 	724
f 681 	680 	725
f 680 	724 	725
f 682 	681 	726
f 681 	725 	726
f 683 	682 	727
f 682 	726 	727
f 684 	683 	728
f 683 	727 	728
f 685 	684 	729
f 684 	728 	729
f 686 	685 	730
f 685 	729 	730
f 687 	686 	731
f 686 	730 	731
f 688 	687 	732
f 687 	731 	732
f 689 	688 	733
f 688 	732 	733
f 690 	689 	734
f 689 	733 	734
f 691 	690 	735
f 690 	734 	735
f 692 	691 	736
f 691 	735 	736
f 693 	692 	737
f 692 	736 	737
f 694 	693 	738
f 693 	737 	738
f 695 	694 	739
f 694 	738 	739
f 696 	695 	740
f 695 	739 	740
f 697 	696 	741
f 696 	740 	741
f 698 	697 	742
f 697 	741 	742
f 699 	698 	743
f 698 	742 	743
f 700 	699 	744
f 699 	743 	744
f 701 	700 	745
f 700 	744 	745
f 702 	701 	746
f 701 	745 	746
f 703 	702 	747
f 702 	746 	747
f 704 	703 	748
f 703 	747 	748
f 661 	704 	705
f 704 	748 	705
f 706 	705 	750
f 705 	749 	750
f 707 	706 	751
f 706 	750 	751
f 708 	707 	752
f 707 	751 	752
f 709 	708 	753
f 708 	752 	753
f 710 	709 	754
f 709 	753 	754
f 711 	710 	755
f 710 	754 	755
f 712 	711 	756
f 711 	755 	756
f 713 	712 	757
f 712 	756 	757
f 714 	713 	758
f 713 	757 	758
f 715 	714 	759
f 714 	758 	759
f 716 	715 	760
f 715 	759 	760
f 717 	716 	761
f 716 	760 	761
f 718 	717 	762
f 717 	761 	762
f 719 	718 	763
f 718 	762 	763
f 720 	719 	764
f 719 	763 	764
f 721 	720 	765
f 720 	764 	765
f 722 	721 	766
f 721 	765 	766
f 723 	722 	767
f 722 	766 	767
f 724 	723 	768
f 723 	767 	768
f 725 	724 	769
f 724 	768 	769
f 726 	725 	770
f 725 	769 	770
f 727 	726 	771
f 726 	770 	771
f 728 	727 	772
f 727 	771 	772
f 729 	728 	773
f 728 	772 	773
f 730 	729 	774
f 729 	773 	774
f 731 	730 	775
f 730 	774 	775
f 732 	731 	776
f 731 	775 	776
f 733 	732 	777
f 732 	776 	777
f 734 	733 	778
f 733 	777 	778
f 735 	734 	779
f 734 	778 	779
f 736 	735 	780
f 735 	779 	780
f 737 	736 	781
f 736 	780 	781
f 738 	737 	782
f 737 	781 	782
f 739 	738 	783
f 738 	782 	783
f 740 	739 	784
f 739 	783 	784
f 741 	740 	785
f 740 	784 	785
f 742 	741 	786
f 741 	785 	786
f 743 	742 	787
f 742 	786 	787
f 744 	743 	788
f 743 	787 	788
f 745 	744 	789
f 744 	788 	789
f 746 	745 	790
f 745 	789 	790
f 747 	746 	791
f 746 	790 	791
f 748 	747 	792
f 747 	791 	792
f 705 	748 	749
f 748 	792 	749
f 750 	749 	794
f 749 	793 	794
f 751 	750 	795
f 750 	794 	795
f 752 	751 	796
f 751 	795 	796
f 753 	752 	797
f 752 	796 	797
f 754 	753 	798
f 753 	797 	798
f 755 	754 	799
f 754 	798 	799
f 756 	755 	800
f 755 	799 	800
f 757 	756 	801
f 756 	800 	801
f 758 	757 	802
f 757 	801 	802
f 759 	758 	803
f 758 	802 	803
f 760 	759 	804
f 759 	803 	804
f 761 	760 	805
f 760 	804 	805
f 762 	761 	806
f 761 	805 	806
f 763 	762 	807
f 762 	806 	807
f 764 	763 	808
f 763 	807 	808
f 765 	764 	809
f 764 	808 	809
f 766 	765 	810
f 765 	809 	810
f 767 	766 	811
f 766 	810 	811
f 768 	767 	812
f 767 	811 	812
f 769 	768 	813
f 768 	812 	813
f 770 	769 	814
f 769 	813 	814
f 771 	770 	815
f 770 	814 	815
f 772 	771 	816
f 771 	815 	816
f 773 	772 	817
f 772 	816 	817
f 774 	773 	818
f 773 	817 	818
f 775 	774 	819
f 774 	818 	819
f 776 	775 	820
f 775 	819 	820
f 777 	776 	821
f 776 	820 	821
f 778 	777 	822
f 777 	821 	822
f 779 	778 	823
f 778 	822 	823
f 780 	779 	824
f 779 	823 	824
f 781 	780 	825
f 780 	824 	825
f 782 	781 	826
f 781 	825 	826
f 783 	782 	827
f 782 	826 	827
f 784 	783 	828
f 783 	827 	828
f 785 	784 	829
f 784 	828 	829
f 786 	785 	830
f 785 	829 	830
f 787 	786 	831
f 786 	830 	831
f 788 	787 	832
f 787 	831 	832
f 789 	788 	833
f 788 	832 	833
f 790 	789 	834
f 789 	833 	834
f 791 	790 	835
f 790 	834 	835
f 792 	791 	836
f 791 	835 	836
f 749 	792 	793
f 792 	836 	793
f 794 	793 	838
f 793 	837 	838
f 795 	794 	839
f 794 	838 	839
f 796 	795 	840
f 795 	839 	840
f 797 	796 	841
f 796 	840 	841
f 798 	797 	842
f 797 	841 	842
f 799 	798 	843
f 798 	842 	843
f 800 	799 	844
f 799 	843 	844
f 801 	800 	845
f 800 	844 	845
f 802 	801 	846
f 801 	845 	846
f 803 	802 	847
f 802 	846 	847
f 804 	803 	848
f 803 	847 	848
f 805 	804 	849
f 804 	848 	849
f 806 	805 	850
f 805 	849 	850
f 807 	806 	851
f 806 	850 	851
f 808 	807 	852
f 807 	851 	852
f 809 	808 	853
f 808 	852 	853
f 810 	809 	854
f 809 	853 	854
f 811 	810 	855
f 810 	854 	855
f 812 	811 	856
f 811 	855 	856
f 813 	812 	857
f 812 	856 	857
f 814 	813 	858
f 813 	857 	858
f 815 	814 	859
f 814 	858 	859
f 816 	815 	860
f 815 	859 	860
f 817 	816 	861
f 816 	860 	861
f 818 	817 	862
f 817 	861 	862
f 819 	818 	863
f 818 	862 	863
f 820 	819 	864
f 819 	863 	864
f 821 	820 	865
f 820 	864 	865
f 822 	821 	866
f 821 	865 	866
f 823 	822 	867
f 822 	866 	867
f 824 	823 	868
f 823 	867 	868
f 825 	824 	869
f 824 	868 	869
f 826 	825 	870
f 825 	869 	870
f 827 	826 	871
f 826 	870 	871
f 828 	827 	872
f 827 	871 	872
f 829 	828 	873
f 828 	872 	873
f 830 	829 	874
f 829 	873 	874
f 831 	830 	875
f 830 	874 	875
f 832 	831 	876
f 831 	875 	876
f 833 	832 	877
f 832 	876 	877
f 834 	833 	878
f 833 	877 	878
f 835 	834 	879
f 834 	878 	879
f 836 	835 	880
f 835 	879 	880
f 793 	836 	837
f 836 	880 	837
f 838 	837 	882
f 837 	881 	882
f 839 	838 	883
f 838 	882 	883
f 840 	839 	884
f 839 	883 	884
f 841 	840 	885
f 840 	884 	885
f 842 	841 	886
f 841 	885 	886
f 843 	842 	887
f 842 	886 	887
f 844 	843 	888
f 843 	887 	888
f 845 	844 	889
f 844 	888 	889
f 846 	845 	890
f 845 	889 	890
f 847 	846 	891
f 846 	890 	891
f 848 	847 	892
f 847 	891 	892
f 849 	848 	893
f 848 	892 	893
f 850 	849 	894
f 849 	893 	894
f 851 	850 	895
f 850 	894 	895
f 852 	851 	896
f 851 	895 	896
f 853 	852 	897
f 852 	896 	897
f 854 	853 	898
f 853 	897 	898
f 855 	854 	899
f 854 	898 	899
f 856 	855 	900
f 855 	899 	900
f 857 	856 	901
f 856 	900 	901
f 858 	857 	902
f 857 	901 	902
f 859 	858 	903
f 858 	902 	903
f 860 	859 	904
f 859 	903 	904
f 861 	860 	905
f 860 	904 	905
f 862 	861 	906
f 861 	905 	906
f 863 	862 	907
f 862 	906 	907
f 864 	863 	908
f 863 	907 	908
f 865 	864 	909
f 864 	908 	909
f 866 	865 	910
f 865 	909 	910
f 867 	866 	911
f 866 	910 	911
f 868 	867 	912
f 867 	911 	912
f 869 	868 	913
f 868 	912 	913
f 870 	869 	914
f 869 	913 	914
f 871 	870 	915
f 870 	914 	915
f 872 	871 	916
f 871 	915 	916
f 873 	872 	917
f 872 	916 	917
f 874 	873 	918
f 873 	917 	918
f 875 	874 	919
f 874 	918 	919
f 876 	875 	920
f 875 	919 	920
f 877 	876 	921
f 876 	920 	921
f 878 	877 	922
f 877 	921 	922
f 879 	878 	923
f 878 	922 	923
f 880 	879 	924
f 879 	923 	924
f 837 	880 	881
f 880 	924 	881
f 882 	881 	926
f 881 	925 	926
f 883 	882 	927
f 882 	926 	927
f 884 	883 	928
f 883 	927 	928
f 885 	884 	929
f 884 	928 	929
f 886 	885 	930
f 885 	929 	930
f 887 	886 	931
f 886 	930 	931
f 888 	887 	932
f 887 	931 	932
f 889 	888 	933
f 888 	932 	933
f 890 	889 	934
f 889 	933 	934
f 891 	890 	935
f 890 	934 	935
f 892 	891 	936
f 891 	935 	936
f 893 	892 	937
f 892 	936 	937
f 894 	893 	938
f 893 	937 	938
f 895 	894 	939
f 894 	938 	939
f 896 	895 	940
f 895 	939 	940
f 897 	896 	941
f 896 	940 	941
f 898 	897 	942
f 897 	941 	942
f 899 	898 	943
f 898 	942 	943
f 900 	899 	944
f 899 	943 	944
f 901 	900 	945
f 900 	944 	945
f 902 	901 	946
f 901 	945 	946
f 903 	902 	947
f 902 	946 	947
f 904 	903 	948
f 903 	947 	948
f 905 	904 	949
f 904 	948 	949
f 906 	905 	950
f 905 	949 	950
f 907 	906 	951
f 906 	950 	951
f 908 	907 	952
f 907 	951 	952
f 909 	908 	953
f 908 	952 	953
f 910 	909 	954
f 909 	953 	954
f 911 	910 	955
f 910 	954 	955
f 912 	911 	956
f 911 	955 	956
f 913 	912 	957
f 912 	956 	957
f 914 	913 	958
f 913 	957 	958
f 915 	914 	959
f 914 	958 	959
f 916 	915 	960
f 915 	959 	960
f 917 	916 	961
f 916 	960 	961
f 918 	917 	962
f 917 	961 	962
f 919 	918 	963
f 918 	962 	963
f 920 	919 	964
f 919 	963 	964
f 921 	920 	965
f 920 	964 	965
f 922 	921 	966
f 921 	965 	966
f 923 	922 	967
f 922 	966 	967
f 924 	923 	968
f 923 	967 	968
f 881 	924 	925
f 924 	968 	925
f 926 	925 	970
f 925 	969 	970
f 927 	926 	971
f 926 	970 	971
f 928 	927 	972
f 927 	971 	972
f 929 	928 	973
f 928 	972 	973
f 930 	929 	974
f 929 	973 	974
f 931 	930 	975
f 930 	974 	975
f 932 	931 	976
f 931 	975 	976
f 933 	932 	977
f 932 	976 	977
f 934 	933 	978
f 933 	977 	978
f 935 	934 	979
f 934 	978 	979
f 936 	935 	980
f 935 	979 	980
f 937 	936 	981
f 936 	980 	981
f 938 	937 	982
f 937 	981 	982
f 939 	938 	983
f 938 	982 	983
f 940 	939 	984
f 939 	983 	984
f 941 	940 	985
f 940 	984 	985
f 942 	941 	986
f 941 	985 	986
f 943 	942 	987
f 942 	986 	987
f 944 	943 	988
f 943 	987 	988
f 945 	944 	989
f 944 	988 	989
f 946 	945 	990
f 945 	989 	990
f 947 	946 	991
f 946 	990 	991
f 948 	947 	992
f 947 	991 	992
f 949 	948 	993
f 948 	992 	993
f 950 	949 	994
f 949 	993 	994
f 951 	950 	995
f 950 	994 	995
f 952 	951 	996
f 951 	995 	996
f 953 	952 	997
f 952 	996 	997
f 954 	953 	998
f 953 	997 	998
f 955 	954 	999
f 954 	998 	999
f 956 	955 	1000
f 955 	999 	1000
f 957 	956 	1001
f 956 	1000 	1001
f 958 	957 	1002
f 957 	1001 	1002
f 959 	958 	1003
f 958 	1002 	1003
f 960 	959 	1004
f 959 	1003 	1004
f 961 	960 	1005
f 960 	1004 	1005
f 962 	961 	1006
f 961 	1005 	1006
f 963 	962 	1007
f 962 	1006 	1007
f 964 	963 	1008
f 963 	1007 	1008
f 965 	964 	1009
f 964 	1008 	1009
f 966 	965 	1010
f 965 	1009 	1010
f 967 	966 	1011
f 966 	1010 	1011
f 968 	967 	1012
f 967 	1011 	1012
f 925 	968 	969
f 968 	1012 	969
f 970 	969 	1014
f 969 	1013 	1014
f 971 	970 	1015
f 970 	1014 	1015
f 972 	971 	1016
f 971 	1015 	1016
f 973 	972 	1017
f 972 	1016 	1017
f 974 	973 	1018
f 973 	1017 	1018
f 975 	974 	1019
f 974 	1018 	1019
f 976 	975 	1020
f 975 	1019 	1020
f 977 	976 	1021
f 976 	1020 	1021
f 978 	977 	1022
f 977 	1021 	1022
f 979 	978 	1023
f 978 	1022 	1023
f 980 	979 	1024
f 979 	1023 	1024
f 981 	980 	1025
f 980 	1024 	1025
f 982 	981 	1026
f 981 	1025 	1026
f 983 	982 	1027
f 982 	1026 	1027
f 984 	983 	1028
f 983 	1027 	1028
f 985 	984 	1029
f 984 	1028 	1029
f 986 	985 	1030
f 985 	1029 	1030
f 987 	986 	1031
f 986 	1030 	1031
f 988 	987 	1032
f 987 	1031 	1032
f 989 	988 	1033
f 988 	1032 	1033
f 990 	989 	1034
f 989 	1033 	1034
f 991 	990 	1035
f 990 	1034 	1035
f 992 	991 	1036
f 991 	1035 	1036
f 993 	992 	1037
f 992 	1036 	1037
f 994 	993 	1038
f 993 	1037 	1038
f 995 	994 	1039
f 994 	1038 	1039
f 996 	995 	1040
f 995 	1039 	1040
f 997 	996 	1041
f 996 	1040 	1041
f 998 	997 	1042
f 997 	1041 	1042
f 999 	998 	1043
f 998 	1042 	1043
f 1000 	999 	1044
f 999 	1043 	1044
f 1001 	1000 	1045
f 1000 	1044 	1045
f 1002 	1001 	1046
f 1001 	1045 	1046
f 1003 	1002 	1047
f 1002 	1046 	1047
f 1004 	1003 	1048
f 1003 	1047 	1048
f 1005 	1004 	1049
f 1004 	1048 	1049
f 1006 	1005 	1050
f 1005 	1049 	1050
f 1007 	1006 	1051
f 1006 	1050 	1051
f 1008 	1007 	1052
f 1007 	1051 	1052
f 1009 	1008 	1053
f 1008 	1052 	1053
f 1010 	1009 	1054
f 1009 	1053 	1054
f 1011 	1010 	1055
f 1010 	1054 	1055
f 1012 	1011 	1056
f 1011 	1055 	1056
f 969 	1012 	1013
f 1012 	1056 	1013
f 1014 	1013 	1058
f 1013 	1057 	1058
f 1015 	1014 	1059
f 1014 	1058 	1059
f 1016 	1015 	1060
f 1015 	1059 	1060
f 1017 	1016 	1061
f 1016 	1060 	1061
f 1018 	1017 	1062
f 1017 	1061 	1062
f 1019 	1018 	1063
f 1018 	1062 	1063
f 1020 	1019 	1064
f 1019 	1063 	1064
f 1021 	1020 	1065
f 1020 	1064 	1065
f 1022 	1021 	1066
f 1021 	1065 	1066
f 1023 	1022 	1067
f 1022 	1066 	1067
f 1024 	1023 	1068
f 1023 	1067 	1068
f 1025 	1024 	1069
f 1024 	1068 	1069
f 1026 	1025 	1070
f 1025 	1069 	1070
f 1027 	1026 	1071
f 1026 	1070 	1071
f 1028 	1027 	1072
f 1027 	1071 	1072
f 1029 	1028 	1073
f 1028 	1072 	1073
f 1030 	1029 	1074
f 1029 	1073 	1074
f 1031 	1030 	1075
f 1030 	1074 	1075
f 1032 	1031 	1076
f 1031 	1075 	1076
f 1033 	1032 	1077
f 1032 	1076 	1077
f 1034 	1033 	1078
f 1033 	1077 	1078
f 1035 	1034 	1079
f 1034 	1078 	1079
f 1036 	1035 	1080
f 1035 	1079 	1080
f 1037 	1036 	1081
f 1036 	1080 	1081
f 1038 	1037 	1082
f 1037 	1081 	1082
f 1039 	1038 	1083
f 1038 	1082 	1083
f 1040 	1039 	1084
f 1039 	1083 	1084
f 1041 	1040 	1085
f 1040 	1084 	1085
f 1042 	1041 	1086
f 1041 	1085 	1086
f 1043 	1042 	1087
f 1042 	1086 	1087
f 1044 	1043 	1088
f 1043 	1087 	1088
f 1045 	1044 	1089
f 1044 	1088 	1089
f 1046 	1045 	1090
f 1045 	1089 	1090
f 1047 	1046 	1091
f 1046 	1090 	1091
f 1048 	1047 	1092
f 1047 	1091 	1092
f 1049 	1048 	1093
f 1048 	1092 	1093
f 1050 	1049 	1094
f 1049 	1093 	1094
f 1051 	1050 	1095
f 1050 	1094 	1095
f 1052 	1051 	1096
f 1051 	1095 	1096
f 1053 	1052 	1097
f 1052 	1096 	1097
f 1054 	1053 	1098
f 1053 	1097 	1098
f 1055 	1054 	1099
f 1054 	1098 	1099
f 1056 	1055 	1100
f 1055 	1099 	1100
f 1013 	1056 	1057
f 1056 	1100 	1057
f 1058 	1057 	1102
f 1057 	1101 	1102
f 1059 	1058 	1103
f 1058 	1102 	1103
f 1060 	1059 	1104
f 1059 	1103 	1104
f 1061 	1060 	1105
f 1060 	1104 	1105
f 1062 	1061 	1106
f 1061 	1105 	1106
f 1063 	1062 	1107
f 1062 	1106 	1107
f 1064 	1063 	1108
f 1063 	1107 	1108
f 1065 	1064 	1109
f 1064 	1108 	1109
f 1066 	1065 	1110
f 1065 	1109 	1110
f 1067 	1066 	1111
f 1066 	1110 	1111
f 1068 	1067 	1112
f 1067 	1111 	1112
f 1069 	1068 	1113
f 1068 	1112 	1113
f 1070 	1069 	1114
f 1069 	1113 	1114
f 1071 	1070 	1115
f 1070 	1114 	1115
f 1072 	1071 	1116
f 1071 	1115 	1116
f 1073 	1072 	1117
f 1072 	1116 	1117
f 1074 	1073 	1118
f 1073 	1117 	1118
f 1075 	1074 	1119
f 1074 	1118 	1119
f 1076 	1075 	1120
f 1075 	1119 	1120
f 1077 	1076 	1121
f 1076 	1120 	1121
f 1078 	1077 	1122
f 1077 	1121 	1122
f 1079 	1078 	1123
f 1078 	1122 	1123
f 1080 	1079 	1124
f 1079 	1123 	1124
f 1081 	1080 	1125
f 1080 	1124 	1125
f 1082 	1081 	1126
f 1081 	1125 	1126
f 1083 	1082 	1127
f 1082 	1126 	1127
f 1084 	1083 	1128
f 1083 	1127 	1128
f 1085 	1084 	1129
f 1084 	1128 	1129
f 1086 	1085 	1130
f 1085 	1129 	1130
f 1087 	1086 	1131
f 1086 	1130 	1131
f 1088 	1087 	1132
f 1087 	1131 	1132
f 1089 	1088 	1133
f 1088 	1132 	1133
f 1090 	1089 	1134
f 1089 	1133 	1134
f 1091 	1090 	1135
f 1090 	1134 	1135
f 1092 	1091 	1136
f 1091 	1135 	1136
f 1093 	1092 	1137
f 1092 	1136 	1137
f 1094 	1093 	1138
f 1093 	1137 	1138
f 1095 	1094 	1139
f 1094 	1138 	1139
f 1096 	1095 	1140
f 1095 	1139 	1140
f 1097 	1096 	1141
f 1096 	1140 	1141
f 1098 	1097 	1142
f 1097 	1141 	1142
f 1099 	1098 	1143
f 1098 	1142 	1143
f 1100 	1099 	1144
f 1099 	1143 	1144
f 1057 	1100 	1101
f 1100 	1144 	1101
f 1102 	1101 	1146
f 1101 	1145 	1146
f 1103 	1102 	1147
f 1102 	1146 	1147
f 1104 	1103 	1148
f 1103 	1147 	1148
f 1105 	1104 	1149
f 1104 	1148 	1149
f 1106 	1105 	1150
f 1105 	1149 	1150
f 1107 	1106 	1151
f 1106 	1150 	1151
f 1108 	1107 	1152
f 1107 	1151 	1152
f 1109 	1108 	1153
f 1108 	1152 	1153
f 1110 	1109 	1154
f 1109 	1153 	1154
f 1111 	1110 	1155
f 1110 	1154 	1155
f 1112 	1111 	1156
f 1111 	1155 	1156
f 1113 	1112 	1157
f 1112 	1156 	1157
f 1114 	1113 	1158
f 1113 	1157 	1158
f 1115 	1114 	1159
f 1114 	1158 	1159
f 1116 	1115 	1160
f 1115 	1159 	1160
f 1117 	1116 	1161
f 1116 	1160 	1161
f 1118 	1117 	1162
f 1117 	1161 	1162
f 1119 	1118 	1163
f 1118 	1162 	1163
f 1120 	1119 	1164
f 1119 	1163 	1164
f 1121 	1120 	1165
f 1120 	1164 	1165
f 1122 	1121 	1166
f 1121 	1165 	1166
f 1123 	1122 	1167
f 1122 	1166 	1167
f 1124 	1123 	1168
f 1123 	1167 	1168
f 1125 	1124 	1169
f 1124 	1168 	1169
f 1126 	1125 	1170
f 1125 	1169 	1170
f 1127 	1126 	1171
f 1126 	1170 	1171
f 1128 	1127 	1172
f 1127 	1171 	1172
f 1129 	1128 	1173
f 1128 	1172 	1173
f 1130 	1129 	1174
f 1129 	1173 	1174
f 1131 	1130 	1175
f 1130 	1174 	1175
f 1132 	1131 	1176
f 1131 	1175 	1176
f 1133 	1132 	1177
f 1132 	1176 	1177
f 1134 	1133 	1178
f 1133 	1177 	1178
f 1135 	1134 	1179
f 1134 	1178 	1179
f 1136 	1135 	1180
f 1135 	1179 	1180
f 1137 	1136 	1181
f 1136 	1180 	1181
f 1138 	1137 	1182
f 1137 	1181 	1182
f 1139 	1138 	1183
f 1138 	1182 	1183
f 1140 	1139 	1184
f 1139 	1183 	1184
f 1141 	1140 	1185
f 1140 	1184 	1185
f 1142 	1141 	1186
f 1141 	1185 	1186
f 1143 	1142 	1187
f 1142 	1186 	1187
f 1144 	1143 	1188
f 1143 	1187 	1188
f 1101 	1144 	1145
f 1144 	1188 	1145
f 1146 	1145 	1190
f 1145 	1189 	1190
f 1147 	1146 	1191
f 1146 	1190 	1191
f 1148 	1147 	1192
f 1147 	1191 	1192
f 1149 	1148 	1193
f 1148 	1192 	1193
f 1150 	1149 	1194
f 1149 	1193 	1194
f 1151 	1150 	1195
f 1150 	1194 	1195
f 1152 	1151 	1196
f 1151 	1195 	1196
f 1153 	1152 	1197
f 1152 	1196 	1197
f 1154 	1153 	1198
f 1153 	1197 	1198
f 1155 	1154 	1199
f 1154 	1198 	1199
f 1156 	1155 	1200
f 1155 	1199 	1200
f 1157 	1156 	1201
f 1156 	1200 	1201
f 1158 	1157 	1202
f 1157 	1201 	1202
f 1159 	1158 	1203
f 1158 	1202 	1203
f 1160 	1159 	1204
f 1159 	1203 	1204
f 1161 	1160 	1205
f 1160 	1204 	1205
f 1162 	1161 	1206
f 1161 	1205 	1206
f 1163 	1162 	1207
f 1162 	1206 	1207
f 1164 	1163 	1208
f 1163 	1207 	1208
f 1165 	1164 	1209
f 1164 	1208 	1209
f 1166 	1165 	1210
f 1165 	1209 	1210
f 1167 	1166 	1211
f 1166 	1210 	1211
f 1168 	1167 	1212
f 1167 	1211 	1212
f 1169 	1168 	1213
f 1168 	1212 	1213
f 1170 	1169 	1214
f 1169 	1213 	1214
f 1171 	1170 	1215
f 1170 	1214 	1215
f 1172 	1171 	1216
f 1171 	1215 	1216
f 1173 	1172 	1217
f 1172 	1216 	1217
f 1174 	1173 	1218
f 1173 	1217 	1218
f 1175 	1174 	1219
f 1174 	1218 	1219
f 1176 	1175 	1220
f 1175 	1219 	1220
f 1177 	1176 	1221
f 1176 	1220 	1221
f 1178 	1177 	1222
f 1177 	1221 	1222
f 1179 	1178 	1223
f 1178 	1222 	1223
f 1180 	1179 	1224
f 1179 	1223 	1224
f 1181 	1180 	1225
f 1180 	1224 	1225
f 1182 	1181 	1226
f 1181 	1225 	1226
f 1183 	1182 	1227
f 1182 	1226 	1227
f 1184 	1183 	1228
f 1183 	1227 	1228
f 1185 	1184 	1229
f 1184 	1228 	1229
f 1186 	1185 	1230
f 1185 	1229 	1230
f 1187 	1186 	1231
f 1186 	1230 	1231
f 1188 	1187 	1232
f 1187 	1231 	1232
f 1145 	1188 	1189
f 1188 	1232 	1189
f 1190 	1189 	1234
f 1189 	1233 	1234
f 1191 	1190 	1235
f 1190 	1234 	1235
f 1192 	1191 	1236
f 1191 	1235 	1236
f 1193 	1192 	1237
f 1192 	1236 	1237
f 1194 	1193 	1238
f 1193 	1237 	1238
f 1195 	1194 	1239
f 1194 	1238 	1239
f 1196 	1195 	1240
f 1195 	1239 	1240
f 1197 	1196 	1241
f 1196 	1240 	1241
f 1198 	1197 	1242
f 1197 	1241 	1242
f 1199 	1198 	1243
f 1198 	1242 	1243
f 1200 	1199 	1244
f 1199 	1243 	1244
f 1201 	1200 	1245
f 1200 	1244 	1245
f 1202 	1201 	1246
f 1201 	1245 	1246
f 1203 	1202 	1247
f 1202 	1246 	1247
f 1204 	1203 	1248
f 1203 	1247 	1248
f 1205 	1204 	1249
f 1204 	1248 	1249
f 1206 	1205 	1250
f 1205 	1249 	1250
f 1207 	1206 	1251
f 1206 	1250 	1251
f 1208 	1207 	1252
f 1207 	1251 	1252
f 1209 	1208 	1253
f 1208 	1252 	1253
f 1210 	1209 	1254
f 1209 	1253 	1254
f 1211 	1210 	1255
f 1210 	1254 	1255
f 1212 	1211 	1256
f 1211 	1255 	1256
f 1213 	1212 	1257
f 1212 	1256 	1257
f 1214 	1213 	1258
f 1213 	1257 	1258
f 1215 	1214 	1259
f 1214 	1258 	1259
f 1216 	1215 	1260
f 1215 	1259 	1260
f 1217 	1216 	1261
f 1216 	1260 	1261
f 1218 	1217 	1262
f 1217 	1261 	1262
f 1219 	1218 	1263
f 1218 	1262 	1263
f 1220 	1219 	1264
f 1219 	1263 	1264
f 1221 	1220 	1265
f 1220 	1264 	1265
f 1222 	1221 	1266
f 1221 	1265 	1266
f 1223 	1222 	1267
f 1222 	1266 	1267
f 1224 	1223 	1268
f 1223 	1267 	1268
f 1225 	1224 	1269
f 1224 	1268 	1269
f 1226 	1225 	1270
f 1225 	1269 	1270
f 1227 	1226 	1271
f 1226 	1270 	1271
f 1228 	1227 	1272
f 1227 	1271 	1272
f 1229 	1228 	1273
f 1228 	1272 	1273
f 1230 	1229 	1274
f 1229 	1273 	1274
f 1231 	1230 	1275
f 1230 	1274 	1275
f 1232 	1231 	1276
f 1231 	1275 	1276
f 1189 	1232 	1233
f 1232 	1276 	1233
f 1234 	1233 	1277
f 1235 	1234 	1277
f 1236 	1235 	1277
f 1237 	1236 	1277
f 1238 	1237 	1277
f 1239 	1238 	1277
f 1240 	1239 	1277
f 1241 	1240 	1277
f 1242 	1241 	1277
f 1243 	1242 	1277
f 1244 	1243 	1278
f 1243 	1277 	1278
f 1245 	1244 	1278
f 1246 	1245 	1278
f 1247 	1246 	1278
f 1248 	1247 	1278
f 1249 	1248 	1278
f 1250 	1249 	1278
f 1251 	1250 	1278
f 1252 	1251 	1278
f 1253 	1252 	1278
f 1254 	1253 	1278
f 1255 	1254 	1279
f 1254 	1278 	1279
f 1256 	1255 	1279
f 1257 	1256 	1279
f 1258 	1257 	1279
f 1259 	1258 	1279
f 1260 	1259 	1279
f 1261 	1260 	1279
f 1262 	1261 	1279
f 1263 	1262 	1279
f 1264 	1263 	1279
f 1265 	1264 	1279
f 1266 	1265 	1280
f 1265 	1279 	1280
f 1267 	1266 	1280
f 1268 	1267 	1280
f 1269 	1268 	1280
f 1270 	1269 	1280
f 1271 	1270 	1280
f 1272 	1271 	1280
f 1273 	1272 	1280
f 1274 	1273 	1280
f 1275 	1274 	1280
f 1276 	1275 	1280
f 1233 	1276 	1277
f 1276 	1280 	1277
f 393 	394 	396
f 394 	395 	396
f 1277 	1280 	1278
f 1278 	1280 	1279
# 1772 faces

 #end of obj_4

o obj_5
v 30.173 		8 		30.1034
v 45.827 		8 		30.1034
v 45.827 		8 		32.8966
v 30.173 		8 		32.8966
v 30.0823 		8.0059 		30.1034
v 30.0834 		8.0059 		30.1009
v 30.0867 		8.0059 		30.0984
v 30.0921 		8.0059 		30.0961
v 30.0996 		8.0059 		30.0939
v 30.1088 		8.0059 		30.092
v 30.1196 		8.0059 		30.0904
v 30.1318 		8.0059 		30.089
v 30.1449 		8.0059 		30.0881
v 30.1588 		8.0059 		30.0875
v 30.173 		8.0059 		30.0873
v 45.827 		8.0059 		30.0873
v 45.8412 		8.0059 		30.0875
v 45.8551 		8.0059 		30.0881
v 45.8682 		8.0059 		30.089
v 45.8804 		8.0059 		30.0904
v 45.8912 		8.0059 		30.092
v 45.9004 		8.0059 		30.0939
v 45.9079 		8.0059 		30.0961
v 45.9133 		8.0059 		30.0984
v 45.9166 		8.0059 		30.1009
v 45.9177 		8.0059 		30.1034
v 45.9177 		8.0059 		32.8966
v 45.9166 		8.0059 		32.8991
v 45.9133 		8.0059 		32.9016
v 45.9079 		8.0059 		32.9039
v 45.9004 		8.0059 		32.9061
v 45.8912 		8.0059 		32.908
v 45.8804 		8.0059 		32.9096
v 45.8682 		8.0059 		32.911
v 45.8551 		8.0059 		32.9119
v 45.8412 		8.0059 		32.9125
v 45.827 		8.0059 		32.9127
v 30.173 		8.0059 		32.9127
v 30.1588 		8.0059 		32.9125
v 30.1449 		8.0059 		32.9119
v 30.1318 		8.0059 		32.911
v 30.1196 		8.0059 		32.9096
v 30.1088 		8.0059 		32.908
v 30.0996 		8.0059 		32.9061
v 30.0921 		8.0059 		32.9039
v 30.0867 		8.0059 		32.9016
v 30.0834 		8.0059 		32.8991
v 30.0823 		8.0059 		32.8966
v 29.9938 		8.0236 		30.1034
v 29.996 		8.0236 		30.0984
v 30.0026 		8.0236 		30.0936
v 30.0133 		8.0236 		30.0889
v 30.028 		8.0236 		30.0847
v 30.0463 		8.0236 		30.0808
v 30.0676 		8.0236 		30.0776
v 30.0916 		8.0236 		30.075
v 30.1176 		8.0236 		30.073
v 30.1449 		8.0236 		30.0719
v 30.173 		8.0236 		30.0715
v 45.827 		8.0236 		30.0715
v 45.8551 		8.0236 		30.0719
v 45.8824 		8.0236 		30.073
v 45.9084 		8.0236 		30.075
v 45.9324 		8.0236 		30.0776
v 45.9537 		8.0236 		30.0808
v 45.972 		8.0236 		30.0847
v 45.9867 		8.0236 		30.0889
v 45.9974 		8.0236 		30.0936
v 46.004 		8.0236 		30.0984
v 46.0062 		8.0236 		30.1034
v 46.0062 		8.0236 		32.8966
v 46.004 		8.0236 		32.9016
v 45.9974 		8.0236 		32.9064
v 45.9867 		8.0236 		32.9111
v 45.972 		8.0236 		32.9153
v 45.9537 		8.0236 		32.9192
v 45.9324 		8.0236 		32.9224
v 45.9084 		8.0236 		32.925
v 45.8824 		8.0236 		32.927
v 45.8551 		8.0236 		32.9281
v 45.827 		8.0236 		32.9285
v 30.173 		8.0236 		32.9285
v 30.1449 		8.0236 		32.9281
v 30.1176 		8.0236 		32.927
v 30.0916 		8.0236 		32.925
v 30.0676 		8.0236 		32.9224
v 30.0463 		8.0236 		32.9192
v 30.028 		8.0236 		32.9153
v 30.0133 		8.0236 		32.9111
v 30.0026 		8.0236 		32.9064
v 29.996 		8.0236 		32.9016
v 29.9938 		8.0236 		32.8966
v 29.9097 		8.0526 		30.1034
v 29.913 		8.0526 		30.0961
v 29.9226 		8.0526 		30.0889
v 29.9384 		8.0526 		30.0821
v 29.96 		8.0526 		30.0758
v 29.9868 		8.0526 		30.0702
v 30.0182 		8.0526 		30.0655
v 30.0535 		8.0526 		30.0616
v 30.0916 		8.0526 		30.0588
v 30.1318 		8.0526 		30.0571
v 30.173 		8.0526 		30.0565
v 45.827 		8.0526 		30.0565
v 45.8682 		8.0526 		30.0571
v 45.9084 		8.0526 		30.0588
v 45.9465 		8.0526 		30.0616
v 45.9818 		8.0526 		30.0655
v 46.0132 		8.0526 		30.0702
v 46.04 		8.0526 		30.0758
v 46.0616 		8.0526 		30.0821
v 46.0774 		8.0526 		30.0889
v 46.087 		8.0526 		30.0961
v 46.0903 		8.0526 		30.1034
v 46.0903 		8.0526 		32.8966
v 46.087 		8.0526 		32.9039
v 46.0774 		8.0526 		32.9111
v 46.0616 		8.0526 		32.9179
v 46.04 		8.0526 		32.9242
v 46.0132 		8.0526 		32.9298
v 45.9818 		8.0526 		32.9345
v 45.9465 		8.0526 		32.9384
v 45.9084 		8.0526 		32.9412
v 45.8682 		8.0526 		32.9429
v 45.827 		8.0526 		32.9435
v 30.173 		8.0526 		32.9435
v 30.1318 		8.0526 		32.9429
v 30.0916 		8.0526 		32.9412
v 30.0535 		8.0526 		32.9384
v 30.0182 		8.0526 		32.9345
v 29.9868 		8.0526 		32.9298
v 29.96 		8.0526 		32.9242
v 29.9384 		8.0526 		32.9179
v 29.9226 		8.0526 		32.9111
v 29.913 		8.0526 		32.9039
v 29.9097 		8.0526 		32.8966
v 29.8322 		8.0922 		30.1034
v 29.8364 		8.0922 		30.0939
v 29.8488 		8.0922 		30.0847
v 29.8693 		8.0922 		30.0758
v 29.8973 		8.0922 		30.0677
v 29.932 		8.0922 		30.0605
v 29.9726 		8.0922 		30.0543
v 30.0182 		8.0922 		30.0493
v 30.0676 		8.0922 		30.0456
v 30.1196 		8.0922 		30.0434
v 30.173 		8.0922 		30.0426
v 45.827 		8.0922 		30.0426
v 45.8804 		8.0922 		30.0434
v 45.9324 		8.0922 		30.0456
v 45.9818 		8.0922 		30.0493
v 46.0274 		8.0922 		30.0543
v 46.068 		8.0922 		30.0605
v 46.1027 		8.0922 		30.0677
v 46.1307 		8.0922 		30.0758
v 46.1512 		8.0922 		30.0847
v 46.1636 		8.0922 		30.0939
v 46.1678 		8.0922 		30.1034
v 46.1678 		8.0922 		32.8966
v 46.1636 		8.0922 		32.9061
v 46.1512 		8.0922 		32.9153
v 46.1307 		8.0922 		32.9242
v 46.1027 		8.0922 		32.9323
v 46.068 		8.0922 		32.9395
v 46.0274 		8.0922 		32.9457
v 45.9818 		8.0922 		32.9507
v 45.9324 		8.0922 		32.9544
v 45.8804 		8.0922 		32.9566
v 45.827 		8.0922 		32.9574
v 30.173 		8.0922 		32.9574
v 30.1196 		8.0922 		32.9566
v 30.0676 		8.0922 		32.9544
v 30.0182 		8.0922 		32.9507
v 29.9726 		8.0922 		32.9457
v 29.932 		8.0922 		32.9395
v 29.8973 		8.0922 		32.9323
v 29.8693 		8.0922 		32.9242
v 29.8488 		8.0922 		32.9153
v 29.8364 		8.0922 		32.9061
v 29.8322 		8.0922 		32.8966
v 29.763 		8.1414 		30.1034
v 29.768 		8.1414 		30.092
v 29.7831 		8.1414 		30.0808
v 29.8077 		8.1414 		30.0702
v 29.8413 		8.1414 		30.0605
v 29.8831 		8.1414 		30.0517
v 29.932 		8.1414 		30.0443
v 29.9868 		8.1414 		30.0383
v 30.0463 		8.1414 		30.0339
v 30.1088 		8.1414 		30.0312
v 30.173 		8.1414 		30.0303
v 45.827 		8.1414 		30.0303
v 45.8912 		8.1414 		30.0312
v 45.9537 		8.1414 		30.0339
v 46.0132 		8.1414 		30.0383
v 46.068 		8.1414 		30.0443
v 46.1169 		8.1414 		30.0517
v 46.1587 		8.1414 		30.0605
v 46.1923 		8.1414 		30.0702
v 46.2169 		8.1414 		30.0808
v 46.232 		8.1414 		30.092
v 46.237 		8.1414 		30.1034
v 46.237 		8.1414 		32.8966
v 46.232 		8.1414 		32.908
v 46.2169 		8.1414 		32.9192
v 46.1923 		8.1414 		32.9298
v 46.1587 		8.1414 		32.9395
v 46.1169 		8.1414 		32.9483
v 46.068 		8.1414 		32.9557
v 46.0132 		8.1414 		32.9617
v 45.9537 		8.1414 		32.9661
v 45.8912 		8.1414 		32.9688
v 45.827 		8.1414 		32.9697
v 30.173 		8.1414 		32.9697
v 30.1088 		8.1414 		32.9688
v 30.0463 		8.1414 		32.9661
v 29.9868 		8.1414 		32.9617
v 29.932 		8.1414 		32.9557
v 29.8831 		8.1414 		32.9483
v 29.8413 		8.1414 		32.9395
v 29.8077 		8.1414 		32.9298
v 29.7831 		8.1414 		32.9192
v 29.768 		8.1414 		32.908
v 29.763 		8.1414 		32.8966
v 29.7039 		8.199 		30.1034
v 29.7097 		8.199 		30.0904
v 29.7269 		8.199 		30.0776
v 29.755 		8.199 		30.0655
v 29.7935 		8.199 		30.0543
v 29.8413 		8.199 		30.0443
v 29.8973 		8.199 		30.0357
v 29.96 		8.199 		30.0289
v 30.028 		8.199 		30.0239
v 30.0996 		8.199 		30.0208
v 30.173 		8.199 		30.0198
v 45.827 		8.199 		30.0198
v 45.9004 		8.199 		30.0208
v 45.972 		8.199 		30.0239
v 46.04 		8.199 		30.0289
v 46.1027 		8.199 		30.0357
v 46.1587 		8.199 		30.0443
v 46.2065 		8.199 		30.0543
v 46.245 		8.199 		30.0655
v 46.2731 		8.199 		30.0776
v 46.2903 		8.199 		30.0904
v 46.2961 		8.199 		30.1034
v 46.2961 		8.199 		32.8966
v 46.2903 		8.199 		32.9096
v 46.2731 		8.199 		32.9224
v 46.245 		8.199 		32.9345
v 46.2065 		8.199 		32.9457
v 46.1587 		8.199 		32.9557
v 46.1027 		8.199 		32.9643
v 46.04 		8.199 		32.9711
v 45.972 		8.199 		32.9761
v 45.9004 		8.199 		32.9792
v 45.827 		8.199 		32.9802
v 30.173 		8.199 		32.9802
v 30.0996 		8.199 		32.9792
v 30.028 		8.199 		32.9761
v 29.96 		8.199 		32.9711
v 29.8973 		8.199 		32.9643
v 29.8413 		8.199 		32.9557
v 29.7935 		8.199 		32.9457
v 29.755 		8.199 		32.9345
v 29.7269 		8.199 		32.9224
v 29.7097 		8.199 		32.9096
v 29.7039 		8.199 		32.8966
v 29.6564 		8.2636 		30.1034
v 29.6627 		8.2636 		30.089
v 29.6816 		8.2636 		30.075
v 29.7127 		8.2636 		30.0616
v 29.755 		8.2636 		30.0493
v 29.8077 		8.2636 		30.0383
v 29.8693 		8.2636 		30.0289
v 29.9384 		8.2636 		30.0213
v 30.0133 		8.2636 		30.0158
v 30.0921 		8.2636 		30.0124
v 30.173 		8.2636 		30.0113
v 45.827 		8.2636 		30.0113
v 45.9079 		8.2636 		30.0124
v 45.9867 		8.2636 		30.0158
v 46.0616 		8.2636 		30.0213
v 46.1307 		8.2636 		30.0289
v 46.1923 		8.2636 		30.0383
v 46.245 		8.2636 		30.0493
v 46.2873 		8.2636 		30.0616
v 46.3184 		8.2636 		30.075
v 46.3373 		8.2636 		30.089
v 46.3436 		8.2636 		30.1034
v 46.3436 		8.2636 		32.8966
v 46.3373 		8.2636 		32.911
v 46.3184 		8.2636 		32.925
v 46.2873 		8.2636 		32.9384
v 46.245 		8.2636 		32.9507
v 46.1923 		8.2636 		32.9617
v 46.1307 		8.2636 		32.9711
v 46.0616 		8.2636 		32.9787
v 45.9867 		8.2636 		32.9842
v 45.9079 		8.2636 		32.9876
v 45.827 		8.2636 		32.9887
v 30.173 		8.2636 		32.9887
v 30.0921 		8.2636 		32.9876
v 30.0133 		8.2636 		32.9842
v 29.9384 		8.2636 		32.9787
v 29.8693 		8.2636 		32.9711
v 29.8077 		8.2636 		32.9617
v 29.755 		8.2636 		32.9507
v 29.7127 		8.2636 		32.9384
v 29.6816 		8.2636 		32.925
v 29.6627 		8.2636 		32.911
v 29.6564 		8.2636 		32.8966
v 29.6215 		8.3336 		30.1034
v 29.6283 		8.3336 		30.0881
v 29.6485 		8.3336 		30.073
v 29.6816 		8.3336 		30.0588
v 29.7269 		8.3336 		30.0456
v 29.7831 		8.3336 		30.0339
v 29.8488 		8.3336 		30.0239
v 29.9226 		8.3336 		30.0158
v 30.0026 		8.3336 		30.0099
v 30.0867 		8.3336 		30.0063
v 30.173 		8.3336 		30.0051
v 45.827 		8.3336 		30.0051
v 45.9133 		8.3336 		30.0063
v 45.9974 		8.3336 		30.0099
v 46.0774 		8.3336 		30.0158
v 46.1512 		8.3336 		30.0239
v 46.2169 		8.3336 		30.0339
v 46.2731 		8.3336 		30.0456
v 46.3184 		8.3336 		30.0588
v 46.3515 		8.3336 		30.073
v 46.3717 		8.3336 		30.0881
v 46.3785 		8.3336 		30.1034
v 46.3785 		8.3336 		32.8966
v 46.3717 		8.3336 		32.9119
v 46.3515 		8.3336 		32.927
v 46.3184 		8.3336 		32.9412
v 46.2731 		8.3336 		32.9544
v 46.2169 		8.3336 		32.9661
v 46.1512 		8.3336 		32.9761
v 46.0774 		8.3336 		32.9842
v 45.9974 		8.3336 		32.9901
v 45.9133 		8.3336 		32.9937
v 45.827 		8.3336 		32.9949
v 30.173 		8.3336 		32.9949
v 30.0867 		8.3336 		32.9937
v 30.0026 		8.3336 		32.9901
v 29.9226 		8.3336 		32.9842
v 29.8488 		8.3336 		32.9761
v 29.7831 		8.3336 		32.9661
v 29.7269 		8.3336 		32.9544
v 29.6816 		8.3336 		32.9412
v 29.6485 		8.3336 		32.927
v 29.6283 		8.3336 		32.9119
v 29.6215 		8.3336 		32.8966
v 29.6003 		8.4072 		30.1034
v 29.6074 		8.4072 		30.0875
v 29.6283 		8.4072 		30.0719
v 29.6627 		8.4072 		30.0571
v 29.7097 		8.4072 		30.0434
v 29.768 		8.4072 		30.0312
v 29.8364 		8.4072 		30.0208
v 29.913 		8.4072 		30.0124
v 29.996 		8.4072 		30.0063
v 30.0834 		8.4072 		30.0025
v 30.173 		8.4072 		30.0013
v 45.827 		8.4072 		30.0013
v 45.9166 		8.4072 		30.0025
v 46.004 		8.4072 		30.0063
v 46.087 		8.4072 		30.0124
v 46.1636 		8.4072 		30.0208
v 46.232 		8.4072 		30.0312
v 46.2903 		8.4072 		30.0434
v 46.3373 		8.4072 		30.0571
v 46.3717 		8.4072 		30.0719
v 46.3926 		8.4072 		30.0875
v 46.3997 		8.4072 		30.1034
v 46.3997 		8.4072 		32.8966
v 46.3926 		8.4072 		32.9125
v 46.3717 		8.4072 		32.9281
v 46.3373 		8.4072 		32.9429
v 46.2903 		8.4072 		32.9566
v 46.232 		8.4072 		32.9688
v 46.1636 		8.4072 		32.9792
v 46.087 		8.4072 		32.9876
v 46.004 		8.4072 		32.9937
v 45.9166 		8.4072 		32.9975
v 45.827 		8.4072 		32.9987
v 30.173 		8.4072 		32.9987
v 30.0834 		8.4072 		32.9975
v 29.996 		8.4072 		32.9937
v 29.913 		8.4072 		32.9876
v 29.8364 		8.4072 		32.9792
v 29.768 		8.4072 		32.9688
v 29.7097 		8.4072 		32.9566
v 29.6627 		8.4072 		32.9429
v 29.6283 		8.4072 		32.9281
v 29.6074 		8.4072 		32.9125
v 29.6003 		8.4072 		32.8966
v 29.5932 		8.4828 		30.1034
v 29.6003 		8.4828 		30.0873
v 29.6215 		8.4828 		30.0715
v 29.6564 		8.4828 		30.0565
v 29.7039 		8.4828 		30.0426
v 29.763 		8.4828 		30.0303
v 29.8322 		8.4828 		30.0198
v 29.9097 		8.4828 		30.0113
v 29.9938 		8.4828 		30.0051
v 30.0823 		8.4828 		30.0013
v 30.173 		8.4828 		30
v 45.827 		8.4828 		30
v 45.9177 		8.4828 		30.0013
v 46.0062 		8.4828 		30.0051
v 46.0903 		8.4828 		30.0113
v 46.1678 		8.4828 		30.0198
v 46.237 		8.4828 		30.0303
v 46.2961 		8.4828 		30.0426
v 46.3436 		8.4828 		30.0565
v 46.3785 		8.4828 		30.0715
v 46.3997 		8.4828 		30.0873
v 46.4068 		8.4828 		30.1034
v 46.4068 		8.4828 		32.8966
v 46.3997 		8.4828 		32.9127
v 46.3785 		8.4828 		32.9285
v 46.3436 		8.4828 		32.9435
v 46.2961 		8.4828 		32.9574
v 46.237 		8.4828 		32.9697
v 46.1678 		8.4828 		32.9802
v 46.0903 		8.4828 		32.9887
v 46.0062 		8.4828 		32.9949
v 45.9177 		8.4828 		32.9987
v 45.827 		8.4828 		33
v 30.173 		8.4828 		33
v 30.0823 		8.4828 		32.9987
v 29.9938 		8.4828 		32.9949
v 29.9097 		8.4828 		32.9887
v 29.8322 		8.4828 		32.9802
v 29.763 		8.4828 		32.9697
v 29.7039 		8.4828 		32.9574
v 29.6564 		8.4828 		32.9435
v 29.6215 		8.4828 		32.9285
v 29.6003 		8.4828 		32.9127
v 29.5932 		8.4828 		32.8966
v 29.5932 		21.5172 		30.1034
v 29.6003 		21.5172 		30.0873
v 29.6215 		21.5172 		30.0715
v 29.6564 		21.5172 		30.0565
v 29.7039 		21.5172 		30.0426
v 29.763 		21.5172 		30.0303
v 29.8322 		21.5172 		30.0198
v 29.9097 		21.5172 		30.0113
v 29.9938 		21.5172 		30.0051
v 30.0823 		21.5172 		30.0013
v 30.173 		21.5172 		30
v 45.827 		21.5172 		30
v 45.9177 		21.5172 		30.0013
v 46.0062 		21.5172 		30.0051
v 46.0903 		21.5172 		30.0113
v 46.1678 		21.5172 		30.0198
v 46.237 		21.5172 		30.0303
v 46.2961 		21.5172 		30.0426
v 46.3436 		21.5172 		30.0565
v 46.3785 		21.5172 		30.0715
v 46.3997 		21.5172 		30.0873
v 46.4068 		21.5172 		30.1034
v 46.4068 		21.5172 		32.8966
v 46.3997 		21.5172 		32.9127
v 46.3785 		21.5172 		32.9285
v 46.3436 		21.5172 		32.9435
v 46.2961 		21.5172 		32.9574
v 46.237 		21.5172 		32.9697
v 46.1678 		21.5172 		32.9802
v 46.0903 		21.5172 		32.9887
v 46.0062 		21.5172 		32.9949
v 45.9177 		21.5172 		32.9987
v 45.827 		21.5172 		33
v 30.173 		21.5172 		33
v 30.0823 		21.5172 		32.9987
v 29.9938 		21.5172 		32.9949
v 29.9097 		21.5172 		32.9887
v 29.8322 		21.5172 		32.9802
v 29.763 		21.5172 		32.9697
v 29.7039 		21.5172 		32.9574
v 29.6564 		21.5172 		32.9435
v 29.6215 		21.5172 		32.9285
v 29.6003 		21.5172 		32.9127
v 29.5932 		21.5172 		32.8966
v 29.6003 		21.5928 		30.1034
v 29.6074 		21.5928 		30.0875
v 29.6283 		21.5928 		30.0719
v 29.6627 		21.5928 		30.0571
v 29.7097 		21.5928 		30.0434
v 29.768 		21.5928 		30.0312
v 29.8364 		21.5928 		30.0208
v 29.913 		21.5928 		30.0124
v 29.996 		21.5928 		30.0063
v 30.0834 		21.5928 		30.0025
v 30.173 		21.5928 		30.0013
v 45.827 		21.5928 		30.0013
v 45.9166 		21.5928 		30.0025
v 46.004 		21.5928 		30.0063
v 46.087 		21.5928 		30.0124
v 46.1636 		21.5928 		30.0208
v 46.232 		21.5928 		30.0312
v 46.2903 		21.5928 		30.0434
v 46.3373 		21.5928 		30.0571
v 46.3717 		21.5928 		30.0719
v 46.3926 		21.5928 		30.0875
v 46.3997 		21.5928 		30.1034
v 46.3997 		21.5928 		32.8966
v 46.3926 		21.5928 		32.9125
v 46.3717 		21.5928 		32.9281
v 46.3373 		21.5928 		32.9429
v 46.2903 		21.5928 		32.9566
v 46.232 		21.5928 		32.9688
v 46.1636 		21.5928 		32.9792
v 46.087 		21.5928 		32.9876
v 46.004 		21.5928 		32.9937
v 45.9166 		21.5928 		32.9975
v 45.827 		21.5928 		32.9987
v 30.173 		21.5928 		32.9987
v 30.0834 		21.5928 		32.9975
v 29.996 		21.5928 		32.9937
v 29.913 		21.5928 		32.9876
v 29.8364 		21.5928 		32.9792
v 29.768 		21.5928 		32.9688
v 29.7097 		21.5928 		32.9566
v 29.6627 		21.5928 		32.9429
v 29.6283 		21.5928 		32.9281
v 29.6074 		21.5928 		32.9125
v 29.6003 		21.5928 		32.8966
v 29.6215 		21.6664 		30.1034
v 29.6283 		21.6664 		30.0881
v 29.6485 		21.6664 		30.073
v 29.6816 		21.6664 		30.0588
v 29.7269 		21.6664 		30.0456
v 29.7831 		21.6664 		30.0339
v 29.8488 		21.6664 		30.0239
v 29.9226 		21.6664 		30.0158
v 30.0026 		21.6664 		30.0099
v 30.0867 		21.6664 		30.0063
v 30.173 		21.6664 		30.0051
v 45.827 		21.6664 		30.0051
v 45.9133 		21.6664 		30.0063
v 45.9974 		21.6664 		30.0099
v 46.0774 		21.6664 		30.0158
v 46.1512 		21.6664 		30.0239
v 46.2169 		21.6664 		30.0339
v 46.2731 		21.6664 		30.0456
v 46.3184 		21.6664 		30.0588
v 46.3515 		21.6664 		30.073
v 46.3717 		21.6664 		30.0881
v 46.3785 		21.6664 		30.1034
v 46.3785 		21.6664 		32.8966
v 46.3717 		21.6664 		32.9119
v 46.3515 		21.6664 		32.927
v 46.3184 		21.6664 		32.9412
v 46.2731 		21.6664 		32.9544
v 46.2169 		21.6664 		32.9661
v 46.1512 		21.6664 		32.9761
v 46.0774 		21.6664 		32.9842
v 45.9974 		21.6664 		32.9901
v 45.9133 		21.6664 		32.9937
v 45.827 		21.6664 		32.9949
v 30.173 		21.6664 		32.9949
v 30.0867 		21.6664 		32.9937
v 30.0026 		21.6664 		32.9901
v 29.9226 		21.6664 		32.9842
v 29.8488 		21.6664 		32.9761
v 29.7831 		21.6664 		32.9661
v 29.7269 		21.6664 		32.9544
v 29.6816 		21.6664 		32.9412
v 29.6485 		21.6664 		32.927
v 29.6283 		21.6664 		32.9119
v 29.6215 		21.6664 		32.8966
v 29.6564 		21.7364 		30.1034
v 29.6627 		21.7364 		30.089
v 29.6816 		21.7364 		30.075
v 29.7127 		21.7364 		30.0616
v 29.755 		21.7364 		30.0493
v 29.8077 		21.7364 		30.0383
v 29.8693 		21.7364 		30.0289
v 29.9384 		21.7364 		30.0213
v 30.0133 		21.7364 		30.0158
v 30.0921 		21.7364 		30.0124
v 30.173 		21.7364 		30.0113
v 45.827 		21.7364 		30.0113
v 45.9079 		21.7364 		30.0124
v 45.9867 		21.7364 		30.0158
v 46.0616 		21.7364 		30.0213
v 46.1307 		21.7364 		30.0289
v 46.1923 		21.7364 		30.0383
v 46.245 		21.7364 		30.0493
v 46.2873 		21.7364 		30.0616
v 46.3184 		21.7364 		30.075
v 46.3373 		21.7364 		30.089
v 46.3436 		21.7364 		30.1034
v 46.3436 		21.7364 		32.8966
v 46.3373 		21.7364 		32.911
v 46.3184 		21.7364 		32.925
v 46.2873 		21.7364 		32.9384
v 46.245 		21.7364 		32.9507
v 46.1923 		21.7364 		32.9617
v 46.1307 		21.7364 		32.9711
v 46.0616 		21.7364 		32.9787
v 45.9867 		21.7364 		32.9842
v 45.9079 		21.7364 		32.9876
v 45.827 		21.7364 		32.9887
v 30.173 		21.7364 		32.9887
v 30.0921 		21.7364 		32.9876
v 30.0133 		21.7364 		32.9842
v 29.9384 		21.7364 		32.9787
v 29.8693 		21.7364 		32.9711
v 29.8077 		21.7364 		32.9617
v 29.755 		21.7364 		32.9507
v 29.7127 		21.7364 		32.9384
v 29.6816 		21.7364 		32.925
v 29.6627 		21.7364 		32.911
v 29.6564 		21.7364 		32.8966
v 29.7039 		21.801 		30.1034
v 29.7097 		21.801 		30.0904
v 29.7269 		21.801 		30.0776
v 29.755 		21.801 		30.0655
v 29.7935 		21.801 		30.0543
v 29.8413 		21.801 		30.0443
v 29.8973 		21.801 		30.0357
v 29.96 		21.801 		30.0289
v 30.028 		21.801 		30.0239
v 30.0996 		21.801 		30.0208
v 30.173 		21.801 		30.0198
v 45.827 		21.801 		30.0198
v 45.9004 		21.801 		30.0208
v 45.972 		21.801 		30.0239
v 46.04 		21.801 		30.0289
v 46.1027 		21.801 		30.0357
v 46.1587 		21.801 		30.0443
v 46.2065 		21.801 		30.0543
v 46.245 		21.801 		30.0655
v 46.2731 		21.801 		30.0776
v 46.2903 		21.801 		30.0904
v 46.2961 		21.801 		30.1034
v 46.2961 		21.801 		32.8966
v 46.2903 		21.801 		32.9096
v 46.2731 		21.801 		32.9224
v 46.245 		21.801 		32.9345
v 46.2065 		21.801 		32.9457
v 46.1587 		21.801 		32.9557
v 46.1027 		21.801 		32.9643
v 46.04 		21.801 		32.9711
v 45.972 		21.801 		32.9761
v 45.9004 		21.801 		32.9792
v 45.827 		21.801 		32.9802
v 30.173 		21.801 		32.9802
v 30.0996 		21.801 		32.9792
v 30.028 		21.801 		32.9761
v 29.96 		21.801 		32.9711
v 29.8973 		21.801 		32.9643
v 29.8413 		21.801 		32.9557
v 29.7935 		21.801 		32.9457
v 29.755 		21.801 		32.9345
v 29.7269 		21.801 		32.9224
v 29.7097 		21.801 		32.9096
v 29.7039 		21.801 		32.8966
v 29.763 		21.8586 		30.1034
v 29.768 		21.8586 		30.092
v 29.7831 		21.8586 		30.0808
v 29.8077 		21.8586 		30.0702
v 29.8413 		21.8586 		30.0605
v 29.8831 		21.8586 		30.0517
v 29.932 		21.8586 		30.0443
v 29.9868 		21.8586 		30.0383
v 30.0463 		21.8586 		30.0339
v 30.1088 		21.8586 		30.0312
v 30.173 		21.8586 		30.0303
v 45.827 		21.8586 		30.0303
v 45.8912 		21.8586 		30.0312
v 45.9537 		21.8586 		30.0339
v 46.0132 		21.8586 		30.0383
v 46.068 		21.8586 		30.0443
v 46.1169 		21.8586 		30.0517
v 46.1587 		21.8586 		30.0605
v 46.1923 		21.8586 		30.0702
v 46.2169 		21.8586 		30.0808
v 46.232 		21.8586 		30.092
v 46.237 		21.8586 		30.1034
v 46.237 		21.8586 		32.8966
v 46.232 		21.8586 		32.908
v 46.2169 		21.8586 		32.9192
v 46.1923 		21.8586 		32.9298
v 46.1587 		21.8586 		32.9395
v 46.1169 		21.8586 		32.9483
v 46.068 		21.8586 		32.9557
v 46.0132 		21.8586 		32.9617
v 45.9537 		21.8586 		32.9661
v 45.8912 		21.8586 		32.9688
v 45.827 		21.8586 		32.9697
v 30.173 		21.8586 		32.9697
v 30.1088 		21.8586 		32.9688
v 30.0463 		21.8586 		32.9661
v 29.9868 		21.8586 		32.9617
v 29.932 		21.8586 		32.9557
v 29.8831 		21.8586 		32.9483
v 29.8413 		21.8586 		32.9395
v 29.8077 		21.8586 		32.9298
v 29.7831 		21.8586 		32.9192
v 29.768 		21.8586 		32.908
v 29.763 		21.8586 		32.8966
v 29.8322 		21.9078 		30.1034
v 29.8364 		21.9078 		30.0939
v 29.8488 		21.9078 		30.0847
v 29.8693 		21.9078 		30.0758
v 29.8973 		21.9078 		30.0677
v 29.932 		21.9078 		30.0605
v 29.9726 		21.9078 		30.0543
v 30.0182 		21.9078 		30.0493
v 30.0676 		21.9078 		30.0456
v 30.1196 		21.9078 		30.0434
v 30.173 		21.9078 		30.0426
v 45.827 		21.9078 		30.0426
v 45.8804 		21.9078 		30.0434
v 45.9324 		21.9078 		30.0456
v 45.9818 		21.9078 		30.0493
v 46.0274 		21.9078 		30.0543
v 46.068 		21.9078 		30.0605
v 46.1027 		21.9078 		30.0677
v 46.1307 		21.9078 		30.0758
v 46.1512 		21.9078 		30.0847
v 46.1636 		21.9078 		30.0939
v 46.1678 		21.9078 		30.1034
v 46.1678 		21.9078 		32.8966
v 46.1636 		21.9078 		32.9061
v 46.1512 		21.9078 		32.9153
v 46.1307 		21.9078 		32.9242
v 46.1027 		21.9078 		32.9323
v 46.068 		21.9078 		32.9395
v 46.0274 		21.9078 		32.9457
v 45.9818 		21.9078 		32.9507
v 45.9324 		21.9078 		32.9544
v 45.8804 		21.9078 		32.9566
v 45.827 		21.9078 		32.9574
v 30.173 		21.9078 		32.9574
v 30.1196 		21.9078 		32.9566
v 30.0676 		21.9078 		32.9544
v 30.0182 		21.9078 		32.9507
v 29.9726 		21.9078 		32.9457
v 29.932 		21.9078 		32.9395
v 29.8973 		21.9078 		32.9323
v 29.8693 		21.9078 		32.9242
v 29.8488 		21.9078 		32.9153
v 29.8364 		21.9078 		32.9061
v 29.8322 		21.9078 		32.8966
v 29.9097 		21.9474 		30.1034
v 29.913 		21.9474 		30.0961
v 29.9226 		21.9474 		30.0889
v 29.9384 		21.9474 		30.0821
v 29.96 		21.9474 		30.0758
v 29.9868 		21.9474 		30.0702
v 30.0182 		21.9474 		30.0655
v 30.0535 		21.9474 		30.0616
v 30.0916 		21.9474 		30.0588
v 30.1318 		21.9474 		30.0571
v 30.173 		21.9474 		30.0565
v 45.827 		21.9474 		30.0565
v 45.8682 		21.9474 		30.0571
v 45.9084 		21.9474 		30.0588
v 45.9465 		21.9474 		30.0616
v 45.9818 		21.9474 		30.0655
v 46.0132 		21.9474 		30.0702
v 46.04 		21.9474 		30.0758
v 46.0616 		21.9474 		30.0821
v 46.0774 		21.9474 		30.0889
v 46.087 		21.9474 		30.0961
v 46.0903 		21.9474 		30.1034
v 46.0903 		21.9474 		32.8966
v 46.087 		21.9474 		32.9039
v 46.0774 		21.9474 		32.9111
v 46.0616 		21.9474 		32.9179
v 46.04 		21.9474 		32.9242
v 46.0132 		21.9474 		32.9298
v 45.9818 		21.9474 		32.9345
v 45.9465 		21.9474 		32.9384
v 45.9084 		21.9474 		32.9412
v 45.8682 		21.9474 		32.9429
v 45.827 		21.9474 		32.9435
v 30.173 		21.9474 		32.9435
v 30.1318 		21.9474 		32.9429
v 30.0916 		21.9474 		32.9412
v 30.0535 		21.9474 		32.9384
v 30.0182 		21.9474 		32.9345
v 29.9868 		21.9474 		32.9298
v 29.96 		21.9474 		32.9242
v 29.9384 		21.9474 		32.9179
v 29.9226 		21.9474 		32.9111
v 29.913 		21.9474 		32.9039
v 29.9097 		21.9474 		32.8966
v 29.9938 		21.9764 		30.1034
v 29.996 		21.9764 		30.0984
v 30.0026 		21.9764 		30.0936
v 30.0133 		21.9764 		30.0889
v 30.028 		21.9764 		30.0847
v 30.0463 		21.9764 		30.0808
v 30.0676 		21.9764 		30.0776
v 30.0916 		21.9764 		30.075
v 30.1176 		21.9764 		30.073
v 30.1449 		21.9764 		30.0719
v 30.173 		21.9764 		30.0715
v 45.827 		21.9764 		30.0715
v 45.8551 		21.9764 		30.0719
v 45.8824 		21.9764 		30.073
v 45.9084 		21.9764 		30.075
v 45.9324 		21.9764 		30.0776
v 45.9537 		21.9764 		30.0808
v 45.972 		21.9764 		30.0847
v 45.9867 		21.9764 		30.0889
v 45.9974 		21.9764 		30.0936
v 46.004 		21.9764 		30.0984
v 46.0062 		21.9764 		30.1034
v 46.0062 		21.9764 		32.8966
v 46.004 		21.9764 		32.9016
v 45.9974 		21.9764 		32.9064
v 45.9867 		21.9764 		32.9111
v 45.972 		21.9764 		32.9153
v 45.9537 		21.9764 		32.9192
v 45.9324 		21.9764 		32.9224
v 45.9084 		21.9764 		32.925
v 45.8824 		21.9764 		32.927
v 45.8551 		21.9764 		32.9281
v 45.827 		21.9764 		32.9285
v 30.173 		21.9764 		32.9285
v 30.1449 		21.9764 		32.9281
v 30.1176 		21.9764 		32.927
v 30.0916 		21.9764 		32.925
v 30.0676 		21.9764 		32.9224
v 30.0463 		21.9764 		32.9192
v 30.028 		21.9764 		32.9153
v 30.0133 		21.9764 		32.9111
v 30.0026 		21.9764 		32.9064
v 29.996 		21.9764 		32.9016
v 29.9938 		21.9764 		32.8966
v 30.0823 		21.9941 		30.1034
v 30.0834 		21.9941 		30.1009
v 30.0867 		21.9941 		30.0984
v 30.0921 		21.9941 		30.0961
v 30.0996 		21.9941 		30.0939
v 30.1088 		21.9941 		30.092
v 30.1196 		21.9941 		30.0904
v 30.1318 		21.9941 		30.089
v 30.1449 		21.9941 		30.0881
v 30.1588 		21.9941 		30.0875
v 30.173 		21.9941 		30.0873
v 45.827 		21.9941 		30.0873
v 45.8412 		21.9941 		30.0875
v 45.8551 		21.9941 		30.0881
v 45.8682 		21.9941 		30.089
v 45.8804 		21.9941 		30.0904
v 45.8912 		21.9941 		30.092
v 45.9004 		21.9941 		30.0939
v 45.9079 		21.9941 		30.0961
v 45.9133 		21.9941 		30.0984
v 45.9166 		21.9941 		30.1009
v 45.9177 		21.9941 		30.1034
v 45.9177 		21.9941 		32.8966
v 45.9166 		21.9941 		32.8991
v 45.9133 		21.9941 		32.9016
v 45.9079 		21.9941 		32.9039
v 45.9004 		21.9941 		32.9061
v 45.8912 		21.9941 		32.908
v 45.8804 		21.9941 		32.9096
v 45.8682 		21.9941 		32.911
v 45.8551 		21.9941 		32.9119
v 45.8412 		21.9941 		32.9125
v 45.827 		21.9941 		32.9127
v 30.173 		21.9941 		32.9127
v 30.1588 		21.9941 		32.9125
v 30.1449 		21.9941 		32.9119
v 30.1318 		21.9941 		32.911
v 30.1196 		21.9941 		32.9096
v 30.1088 		21.9941 		32.908
v 30.0996 		21.9941 		32.9061
v 30.0921 		21.9941 		32.9039
v 30.0867 		21.9941 		32.9016
v 30.0834 		21.9941 		32.8991
v 30.0823 		21.9941 		32.8966
v 30.173 		22 		30.1034
v 45.827 		22 		30.1034
v 45.827 		22 		32.8966
v 30.173 		22 		32.8966
# 888 vertices

g group_5_15277357

usemtl color_15277357
s 0

f 1281 	1285 	1286
f 1281 	1286 	1287
f 1281 	1287 	1288
f 1281 	1288 	1289
f 1281 	1289 	1290
f 1281 	1290 	1291
f 1281 	1291 	1292
f 1281 	1292 	1293
f 1281 	1293 	1294
f 1281 	1294 	1295
f 1282 	1281 	1296
f 1281 	1295 	1296
f 1282 	1296 	1297
f 1282 	1297 	1298
f 1282 	1298 	1299
f 1282 	1299 	1300
f 1282 	1300 	1301
f 1282 	1301 	1302
f 1282 	1302 	1303
f 1282 	1303 	1304
f 1282 	1304 	1305
f 1282 	1305 	1306
f 1283 	1282 	1307
f 1282 	1306 	1307
f 1283 	1307 	1308
f 1283 	1308 	1309
f 1283 	1309 	1310
f 1283 	1310 	1311
f 1283 	1311 	1312
f 1283 	1312 	1313
f 1283 	1313 	1314
f 1283 	1314 	1315
f 1283 	1315 	1316
f 1283 	1316 	1317
f 1284 	1283 	1318
f 1283 	1317 	1318
f 1284 	1318 	1319
f 1284 	1319 	1320
f 1284 	1320 	1321
f 1284 	1321 	1322
f 1284 	1322 	1323
f 1284 	1323 	1324
f 1284 	1324 	1325
f 1284 	1325 	1326
f 1284 	1326 	1327
f 1284 	1327 	1328
f 1281 	1284 	1285
f 1284 	1328 	1285
f 1286 	1285 	1330
f 1285 	1329 	1330
f 1287 	1286 	1331
f 1286 	1330 	1331
f 1288 	1287 	1332
f 1287 	1331 	1332
f 1289 	1288 	1333
f 1288 	1332 	1333
f 1290 	1289 	1334
f 1289 	1333 	1334
f 1291 	1290 	1335
f 1290 	1334 	1335
f 1292 	1291 	1336
f 1291 	1335 	1336
f 1293 	1292 	1337
f 1292 	1336 	1337
f 1294 	1293 	1338
f 1293 	1337 	1338
f 1295 	1294 	1339
f 1294 	1338 	1339
f 1296 	1295 	1340
f 1295 	1339 	1340
f 1297 	1296 	1341
f 1296 	1340 	1341
f 1298 	1297 	1342
f 1297 	1341 	1342
f 1299 	1298 	1343
f 1298 	1342 	1343
f 1300 	1299 	1344
f 1299 	1343 	1344
f 1301 	1300 	1345
f 1300 	1344 	1345
f 1302 	1301 	1346
f 1301 	1345 	1346
f 1303 	1302 	1347
f 1302 	1346 	1347
f 1304 	1303 	1348
f 1303 	1347 	1348
f 1305 	1304 	1349
f 1304 	1348 	1349
f 1306 	1305 	1350
f 1305 	1349 	1350
f 1307 	1306 	1351
f 1306 	1350 	1351
f 1308 	1307 	1352
f 1307 	1351 	1352
f 1309 	1308 	1353
f 1308 	1352 	1353
f 1310 	1309 	1354
f 1309 	1353 	1354
f 1311 	1310 	1355
f 1310 	1354 	1355
f 1312 	1311 	1356
f 1311 	1355 	1356
f 1313 	1312 	1357
f 1312 	1356 	1357
f 1314 	1313 	1358
f 1313 	1357 	1358
f 1315 	1314 	1359
f 1314 	1358 	1359
f 1316 	1315 	1360
f 1315 	1359 	1360
f 1317 	1316 	1361
f 1316 	1360 	1361
f 1318 	1317 	1362
f 1317 	1361 	1362
f 1319 	1318 	1363
f 1318 	1362 	1363
f 1320 	1319 	1364
f 1319 	1363 	1364
f 1321 	1320 	1365
f 1320 	1364 	1365
f 1322 	1321 	1366
f 1321 	1365 	1366
f 1323 	1322 	1367
f 1322 	1366 	1367
f 1324 	1323 	1368
f 1323 	1367 	1368
f 1325 	1324 	1369
f 1324 	1368 	1369
f 1326 	1325 	1370
f 1325 	1369 	1370
f 1327 	1326 	1371
f 1326 	1370 	1371
f 1328 	1327 	1372
f 1327 	1371 	1372
f 1285 	1328 	1329
f 1328 	1372 	1329
f 1330 	1329 	1374
f 1329 	1373 	1374
f 1331 	1330 	1375
f 1330 	1374 	1375
f 1332 	1331 	1376
f 1331 	1375 	1376
f 1333 	1332 	1377
f 1332 	1376 	1377
f 1334 	1333 	1378
f 1333 	1377 	1378
f 1335 	1334 	1379
f 1334 	1378 	1379
f 1336 	1335 	1380
f 1335 	1379 	1380
f 1337 	1336 	1381
f 1336 	1380 	1381
f 1338 	1337 	1382
f 1337 	1381 	1382
f 1339 	1338 	1383
f 1338 	1382 	1383
f 1340 	1339 	1384
f 1339 	1383 	1384
f 1341 	1340 	1385
f 1340 	1384 	1385
f 1342 	1341 	1386
f 1341 	1385 	1386
f 1343 	1342 	1387
f 1342 	1386 	1387
f 1344 	1343 	1388
f 1343 	1387 	1388
f 1345 	1344 	1389
f 1344 	1388 	1389
f 1346 	1345 	1390
f 1345 	1389 	1390
f 1347 	1346 	1391
f 1346 	1390 	1391
f 1348 	1347 	1392
f 1347 	1391 	1392
f 1349 	1348 	1393
f 1348 	1392 	1393
f 1350 	1349 	1394
f 1349 	1393 	1394
f 1351 	1350 	1395
f 1350 	1394 	1395
f 1352 	1351 	1396
f 1351 	1395 	1396
f 1353 	1352 	1397
f 1352 	1396 	1397
f 1354 	1353 	1398
f 1353 	1397 	1398
f 1355 	1354 	1399
f 1354 	1398 	1399
f 1356 	1355 	1400
f 1355 	1399 	1400
f 1357 	1356 	1401
f 1356 	1400 	1401
f 1358 	1357 	1402
f 1357 	1401 	1402
f 1359 	1358 	1403
f 1358 	1402 	1403
f 1360 	1359 	1404
f 1359 	1403 	1404
f 1361 	1360 	1405
f 1360 	1404 	1405
f 1362 	1361 	1406
f 1361 	1405 	1406
f 1363 	1362 	1407
f 1362 	1406 	1407
f 1364 	1363 	1408
f 1363 	1407 	1408
f 1365 	1364 	1409
f 1364 	1408 	1409
f 1366 	1365 	1410
f 1365 	1409 	1410
f 1367 	1366 	1411
f 1366 	1410 	1411
f 1368 	1367 	1412
f 1367 	1411 	1412
f 1369 	1368 	1413
f 1368 	1412 	1413
f 1370 	1369 	1414
f 1369 	1413 	1414
f 1371 	1370 	1415
f 1370 	1414 	1415
f 1372 	1371 	1416
f 1371 	1415 	1416
f 1329 	1372 	1373
f 1372 	1416 	1373
f 1374 	1373 	1418
f 1373 	1417 	1418
f 1375 	1374 	1419
f 1374 	1418 	1419
f 1376 	1375 	1420
f 1375 	1419 	1420
f 1377 	1376 	1421
f 1376 	1420 	1421
f 1378 	1377 	1422
f 1377 	1421 	1422
f 1379 	1378 	1423
f 1378 	1422 	1423
f 1380 	1379 	1424
f 1379 	1423 	1424
f 1381 	1380 	1425
f 1380 	1424 	1425
f 1382 	1381 	1426
f 1381 	1425 	1426
f 1383 	1382 	1427
f 1382 	1426 	1427
f 1384 	1383 	1428
f 1383 	1427 	1428
f 1385 	1384 	1429
f 1384 	1428 	1429
f 1386 	1385 	1430
f 1385 	1429 	1430
f 1387 	1386 	1431
f 1386 	1430 	1431
f 1388 	1387 	1432
f 1387 	1431 	1432
f 1389 	1388 	1433
f 1388 	1432 	1433
f 1390 	1389 	1434
f 1389 	1433 	1434
f 1391 	1390 	1435
f 1390 	1434 	1435
f 1392 	1391 	1436
f 1391 	1435 	1436
f 1393 	1392 	1437
f 1392 	1436 	1437
f 1394 	1393 	1438
f 1393 	1437 	1438
f 1395 	1394 	1439
f 1394 	1438 	1439
f 1396 	1395 	1440
f 1395 	1439 	1440
f 1397 	1396 	1441
f 1396 	1440 	1441
f 1398 	1397 	1442
f 1397 	1441 	1442
f 1399 	1398 	1443
f 1398 	1442 	1443
f 1400 	1399 	1444
f 1399 	1443 	1444
f 1401 	1400 	1445
f 1400 	1444 	1445
f 1402 	1401 	1446
f 1401 	1445 	1446
f 1403 	1402 	1447
f 1402 	1446 	1447
f 1404 	1403 	1448
f 1403 	1447 	1448
f 1405 	1404 	1449
f 1404 	1448 	1449
f 1406 	1405 	1450
f 1405 	1449 	1450
f 1407 	1406 	1451
f 1406 	1450 	1451
f 1408 	1407 	1452
f 1407 	1451 	1452
f 1409 	1408 	1453
f 1408 	1452 	1453
f 1410 	1409 	1454
f 1409 	1453 	1454
f 1411 	1410 	1455
f 1410 	1454 	1455
f 1412 	1411 	1456
f 1411 	1455 	1456
f 1413 	1412 	1457
f 1412 	1456 	1457
f 1414 	1413 	1458
f 1413 	1457 	1458
f 1415 	1414 	1459
f 1414 	1458 	1459
f 1416 	1415 	1460
f 1415 	1459 	1460
f 1373 	1416 	1417
f 1416 	1460 	1417
f 1418 	1417 	1462
f 1417 	1461 	1462
f 1419 	1418 	1463
f 1418 	1462 	1463
f 1420 	1419 	1464
f 1419 	1463 	1464
f 1421 	1420 	1465
f 1420 	1464 	1465
f 1422 	1421 	1466
f 1421 	1465 	1466
f 1423 	1422 	1467
f 1422 	1466 	1467
f 1424 	1423 	1468
f 1423 	1467 	1468
f 1425 	1424 	1469
f 1424 	1468 	1469
f 1426 	1425 	1470
f 1425 	1469 	1470
f 1427 	1426 	1471
f 1426 	1470 	1471
f 1428 	1427 	1472
f 1427 	1471 	1472
f 1429 	1428 	1473
f 1428 	1472 	1473
f 1430 	1429 	1474
f 1429 	1473 	1474
f 1431 	1430 	1475
f 1430 	1474 	1475
f 1432 	1431 	1476
f 1431 	1475 	1476
f 1433 	1432 	1477
f 1432 	1476 	1477
f 1434 	1433 	1478
f 1433 	1477 	1478
f 1435 	1434 	1479
f 1434 	1478 	1479
f 1436 	1435 	1480
f 1435 	1479 	1480
f 1437 	1436 	1481
f 1436 	1480 	1481
f 1438 	1437 	1482
f 1437 	1481 	1482
f 1439 	1438 	1483
f 1438 	1482 	1483
f 1440 	1439 	1484
f 1439 	1483 	1484
f 1441 	1440 	1485
f 1440 	1484 	1485
f 1442 	1441 	1486
f 1441 	1485 	1486
f 1443 	1442 	1487
f 1442 	1486 	1487
f 1444 	1443 	1488
f 1443 	1487 	1488
f 1445 	1444 	1489
f 1444 	1488 	1489
f 1446 	1445 	1490
f 1445 	1489 	1490
f 1447 	1446 	1491
f 1446 	1490 	1491
f 1448 	1447 	1492
f 1447 	1491 	1492
f 1449 	1448 	1493
f 1448 	1492 	1493
f 1450 	1449 	1494
f 1449 	1493 	1494
f 1451 	1450 	1495
f 1450 	1494 	1495
f 1452 	1451 	1496
f 1451 	1495 	1496
f 1453 	1452 	1497
f 1452 	1496 	1497
f 1454 	1453 	1498
f 1453 	1497 	1498
f 1455 	1454 	1499
f 1454 	1498 	1499
f 1456 	1455 	1500
f 1455 	1499 	1500
f 1457 	1456 	1501
f 1456 	1500 	1501
f 1458 	1457 	1502
f 1457 	1501 	1502
f 1459 	1458 	1503
f 1458 	1502 	1503
f 1460 	1459 	1504
f 1459 	1503 	1504
f 1417 	1460 	1461
f 1460 	1504 	1461
f 1462 	1461 	1506
f 1461 	1505 	1506
f 1463 	1462 	1507
f 1462 	1506 	1507
f 1464 	1463 	1508
f 1463 	1507 	1508
f 1465 	1464 	1509
f 1464 	1508 	1509
f 1466 	1465 	1510
f 1465 	1509 	1510
f 1467 	1466 	1511
f 1466 	1510 	1511
f 1468 	1467 	1512
f 1467 	1511 	1512
f 1469 	1468 	1513
f 1468 	1512 	1513
f 1470 	1469 	1514
f 1469 	1513 	1514
f 1471 	1470 	1515
f 1470 	1514 	1515
f 1472 	1471 	1516
f 1471 	1515 	1516
f 1473 	1472 	1517
f 1472 	1516 	1517
f 1474 	1473 	1518
f 1473 	1517 	1518
f 1475 	1474 	1519
f 1474 	1518 	1519
f 1476 	1475 	1520
f 1475 	1519 	1520
f 1477 	1476 	1521
f 1476 	1520 	1521
f 1478 	1477 	1522
f 1477 	1521 	1522
f 1479 	1478 	1523
f 1478 	1522 	1523
f 1480 	1479 	1524
f 1479 	1523 	1524
f 1481 	1480 	1525
f 1480 	1524 	1525
f 1482 	1481 	1526
f 1481 	1525 	1526
f 1483 	1482 	1527
f 1482 	1526 	1527
f 1484 	1483 	1528
f 1483 	1527 	1528
f 1485 	1484 	1529
f 1484 	1528 	1529
f 1486 	1485 	1530
f 1485 	1529 	1530
f 1487 	1486 	1531
f 1486 	1530 	1531
f 1488 	1487 	1532
f 1487 	1531 	1532
f 1489 	1488 	1533
f 1488 	1532 	1533
f 1490 	1489 	1534
f 1489 	1533 	1534
f 1491 	1490 	1535
f 1490 	1534 	1535
f 1492 	1491 	1536
f 1491 	1535 	1536
f 1493 	1492 	1537
f 1492 	1536 	1537
f 1494 	1493 	1538
f 1493 	1537 	1538
f 1495 	1494 	1539
f 1494 	1538 	1539
f 1496 	1495 	1540
f 1495 	1539 	1540
f 1497 	1496 	1541
f 1496 	1540 	1541
f 1498 	1497 	1542
f 1497 	1541 	1542
f 1499 	1498 	1543
f 1498 	1542 	1543
f 1500 	1499 	1544
f 1499 	1543 	1544
f 1501 	1500 	1545
f 1500 	1544 	1545
f 1502 	1501 	1546
f 1501 	1545 	1546
f 1503 	1502 	1547
f 1502 	1546 	1547
f 1504 	1503 	1548
f 1503 	1547 	1548
f 1461 	1504 	1505
f 1504 	1548 	1505
f 1506 	1505 	1550
f 1505 	1549 	1550
f 1507 	1506 	1551
f 1506 	1550 	1551
f 1508 	1507 	1552
f 1507 	1551 	1552
f 1509 	1508 	1553
f 1508 	1552 	1553
f 1510 	1509 	1554
f 1509 	1553 	1554
f 1511 	1510 	1555
f 1510 	1554 	1555
f 1512 	1511 	1556
f 1511 	1555 	1556
f 1513 	1512 	1557
f 1512 	1556 	1557
f 1514 	1513 	1558
f 1513 	1557 	1558
f 1515 	1514 	1559
f 1514 	1558 	1559
f 1516 	1515 	1560
f 1515 	1559 	1560
f 1517 	1516 	1561
f 1516 	1560 	1561
f 1518 	1517 	1562
f 1517 	1561 	1562
f 1519 	1518 	1563
f 1518 	1562 	1563
f 1520 	1519 	1564
f 1519 	1563 	1564
f 1521 	1520 	1565
f 1520 	1564 	1565
f 1522 	1521 	1566
f 1521 	1565 	1566
f 1523 	1522 	1567
f 1522 	1566 	1567
f 1524 	1523 	1568
f 1523 	1567 	1568
f 1525 	1524 	1569
f 1524 	1568 	1569
f 1526 	1525 	1570
f 1525 	1569 	1570
f 1527 	1526 	1571
f 1526 	1570 	1571
f 1528 	1527 	1572
f 1527 	1571 	1572
f 1529 	1528 	1573
f 1528 	1572 	1573
f 1530 	1529 	1574
f 1529 	1573 	1574
f 1531 	1530 	1575
f 1530 	1574 	1575
f 1532 	1531 	1576
f 1531 	1575 	1576
f 1533 	1532 	1577
f 1532 	1576 	1577
f 1534 	1533 	1578
f 1533 	1577 	1578
f 1535 	1534 	1579
f 1534 	1578 	1579
f 1536 	1535 	1580
f 1535 	1579 	1580
f 1537 	1536 	1581
f 1536 	1580 	1581
f 1538 	1537 	1582
f 1537 	1581 	1582
f 1539 	1538 	1583
f 1538 	1582 	1583
f 1540 	1539 	1584
f 1539 	1583 	1584
f 1541 	1540 	1585
f 1540 	1584 	1585
f 1542 	1541 	1586
f 1541 	1585 	1586
f 1543 	1542 	1587
f 1542 	1586 	1587
f 1544 	1543 	1588
f 1543 	1587 	1588
f 1545 	1544 	1589
f 1544 	1588 	1589
f 1546 	1545 	1590
f 1545 	1589 	1590
f 1547 	1546 	1591
f 1546 	1590 	1591
f 1548 	1547 	1592
f 1547 	1591 	1592
f 1505 	1548 	1549
f 1548 	1592 	1549
f 1550 	1549 	1594
f 1549 	1593 	1594
f 1551 	1550 	1595
f 1550 	1594 	1595
f 1552 	1551 	1596
f 1551 	1595 	1596
f 1553 	1552 	1597
f 1552 	1596 	1597
f 1554 	1553 	1598
f 1553 	1597 	1598
f 1555 	1554 	1599
f 1554 	1598 	1599
f 1556 	1555 	1600
f 1555 	1599 	1600
f 1557 	1556 	1601
f 1556 	1600 	1601
f 1558 	1557 	1602
f 1557 	1601 	1602
f 1559 	1558 	1603
f 1558 	1602 	1603
f 1560 	1559 	1604
f 1559 	1603 	1604
f 1561 	1560 	1605
f 1560 	1604 	1605
f 1562 	1561 	1606
f 1561 	1605 	1606
f 1563 	1562 	1607
f 1562 	1606 	1607
f 1564 	1563 	1608
f 1563 	1607 	1608
f 1565 	1564 	1609
f 1564 	1608 	1609
f 1566 	1565 	1610
f 1565 	1609 	1610
f 1567 	1566 	1611
f 1566 	1610 	1611
f 1568 	1567 	1612
f 1567 	1611 	1612
f 1569 	1568 	1613
f 1568 	1612 	1613
f 1570 	1569 	1614
f 1569 	1613 	1614
f 1571 	1570 	1615
f 1570 	1614 	1615
f 1572 	1571 	1616
f 1571 	1615 	1616
f 1573 	1572 	1617
f 1572 	1616 	1617
f 1574 	1573 	1618
f 1573 	1617 	1618
f 1575 	1574 	1619
f 1574 	1618 	1619
f 1576 	1575 	1620
f 1575 	1619 	1620
f 1577 	1576 	1621
f 1576 	1620 	1621
f 1578 	1577 	1622
f 1577 	1621 	1622
f 1579 	1578 	1623
f 1578 	1622 	1623
f 1580 	1579 	1624
f 1579 	1623 	1624
f 1581 	1580 	1625
f 1580 	1624 	1625
f 1582 	1581 	1626
f 1581 	1625 	1626
f 1583 	1582 	1627
f 1582 	1626 	1627
f 1584 	1583 	1628
f 1583 	1627 	1628
f 1585 	1584 	1629
f 1584 	1628 	1629
f 1586 	1585 	1630
f 1585 	1629 	1630
f 1587 	1586 	1631
f 1586 	1630 	1631
f 1588 	1587 	1632
f 1587 	1631 	1632
f 1589 	1588 	1633
f 1588 	1632 	1633
f 1590 	1589 	1634
f 1589 	1633 	1634
f 1591 	1590 	1635
f 1590 	1634 	1635
f 1592 	1591 	1636
f 1591 	1635 	1636
f 1549 	1592 	1593
f 1592 	1636 	1593
f 1594 	1593 	1638
f 1593 	1637 	1638
f 1595 	1594 	1639
f 1594 	1638 	1639
f 1596 	1595 	1640
f 1595 	1639 	1640
f 1597 	1596 	1641
f 1596 	1640 	1641
f 1598 	1597 	1642
f 1597 	1641 	1642
f 1599 	1598 	1643
f 1598 	1642 	1643
f 1600 	1599 	1644
f 1599 	1643 	1644
f 1601 	1600 	1645
f 1600 	1644 	1645
f 1602 	1601 	1646
f 1601 	1645 	1646
f 1603 	1602 	1647
f 1602 	1646 	1647
f 1604 	1603 	1648
f 1603 	1647 	1648
f 1605 	1604 	1649
f 1604 	1648 	1649
f 1606 	1605 	1650
f 1605 	1649 	1650
f 1607 	1606 	1651
f 1606 	1650 	1651
f 1608 	1607 	1652
f 1607 	1651 	1652
f 1609 	1608 	1653
f 1608 	1652 	1653
f 1610 	1609 	1654
f 1609 	1653 	1654
f 1611 	1610 	1655
f 1610 	1654 	1655
f 1612 	1611 	1656
f 1611 	1655 	1656
f 1613 	1612 	1657
f 1612 	1656 	1657
f 1614 	1613 	1658
f 1613 	1657 	1658
f 1615 	1614 	1659
f 1614 	1658 	1659
f 1616 	1615 	1660
f 1615 	1659 	1660
f 1617 	1616 	1661
f 1616 	1660 	1661
f 1618 	1617 	1662
f 1617 	1661 	1662
f 1619 	1618 	1663
f 1618 	1662 	1663
f 1620 	1619 	1664
f 1619 	1663 	1664
f 1621 	1620 	1665
f 1620 	1664 	1665
f 1622 	1621 	1666
f 1621 	1665 	1666
f 1623 	1622 	1667
f 1622 	1666 	1667
f 1624 	1623 	1668
f 1623 	1667 	1668
f 1625 	1624 	1669
f 1624 	1668 	1669
f 1626 	1625 	1670
f 1625 	1669 	1670
f 1627 	1626 	1671
f 1626 	1670 	1671
f 1628 	1627 	1672
f 1627 	1671 	1672
f 1629 	1628 	1673
f 1628 	1672 	1673
f 1630 	1629 	1674
f 1629 	1673 	1674
f 1631 	1630 	1675
f 1630 	1674 	1675
f 1632 	1631 	1676
f 1631 	1675 	1676
f 1633 	1632 	1677
f 1632 	1676 	1677
f 1634 	1633 	1678
f 1633 	1677 	1678
f 1635 	1634 	1679
f 1634 	1678 	1679
f 1636 	1635 	1680
f 1635 	1679 	1680
f 1593 	1636 	1637
f 1636 	1680 	1637
f 1638 	1637 	1682
f 1637 	1681 	1682
f 1639 	1638 	1683
f 1638 	1682 	1683
f 1640 	1639 	1684
f 1639 	1683 	1684
f 1641 	1640 	1685
f 1640 	1684 	1685
f 1642 	1641 	1686
f 1641 	1685 	1686
f 1643 	1642 	1687
f 1642 	1686 	1687
f 1644 	1643 	1688
f 1643 	1687 	1688
f 1645 	1644 	1689
f 1644 	1688 	1689
f 1646 	1645 	1690
f 1645 	1689 	1690
f 1647 	1646 	1691
f 1646 	1690 	1691
f 1648 	1647 	1692
f 1647 	1691 	1692
f 1649 	1648 	1693
f 1648 	1692 	1693
f 1650 	1649 	1694
f 1649 	1693 	1694
f 1651 	1650 	1695
f 1650 	1694 	1695
f 1652 	1651 	1696
f 1651 	1695 	1696
f 1653 	1652 	1697
f 1652 	1696 	1697
f 1654 	1653 	1698
f 1653 	1697 	1698
f 1655 	1654 	1699
f 1654 	1698 	1699
f 1656 	1655 	1700
f 1655 	1699 	1700
f 1657 	1656 	1701
f 1656 	1700 	1701
f 1658 	1657 	1702
f 1657 	1701 	1702
f 1659 	1658 	1703
f 1658 	1702 	1703
f 1660 	1659 	1704
f 1659 	1703 	1704
f 1661 	1660 	1705
f 1660 	1704 	1705
f 1662 	1661 	1706
f 1661 	1705 	1706
f 1663 	1662 	1707
f 1662 	1706 	1707
f 1664 	1663 	1708
f 1663 	1707 	1708
f 1665 	1664 	1709
f 1664 	1708 	1709
f 1666 	1665 	1710
f 1665 	1709 	1710
f 1667 	1666 	1711
f 1666 	1710 	1711
f 1668 	1667 	1712
f 1667 	1711 	1712
f 1669 	1668 	1713
f 1668 	1712 	1713
f 1670 	1669 	1714
f 1669 	1713 	1714
f 1671 	1670 	1715
f 1670 	1714 	1715
f 1672 	1671 	1716
f 1671 	1715 	1716
f 1673 	1672 	1717
f 1672 	1716 	1717
f 1674 	1673 	1718
f 1673 	1717 	1718
f 1675 	1674 	1719
f 1674 	1718 	1719
f 1676 	1675 	1720
f 1675 	1719 	1720
f 1677 	1676 	1721
f 1676 	1720 	1721
f 1678 	1677 	1722
f 1677 	1721 	1722
f 1679 	1678 	1723
f 1678 	1722 	1723
f 1680 	1679 	1724
f 1679 	1723 	1724
f 1637 	1680 	1681
f 1680 	1724 	1681
f 1682 	1681 	1726
f 1681 	1725 	1726
f 1683 	1682 	1727
f 1682 	1726 	1727
f 1684 	1683 	1728
f 1683 	1727 	1728
f 1685 	1684 	1729
f 1684 	1728 	1729
f 1686 	1685 	1730
f 1685 	1729 	1730
f 1687 	1686 	1731
f 1686 	1730 	1731
f 1688 	1687 	1732
f 1687 	1731 	1732
f 1689 	1688 	1733
f 1688 	1732 	1733
f 1690 	1689 	1734
f 1689 	1733 	1734
f 1691 	1690 	1735
f 1690 	1734 	1735
f 1692 	1691 	1736
f 1691 	1735 	1736
f 1693 	1692 	1737
f 1692 	1736 	1737
f 1694 	1693 	1738
f 1693 	1737 	1738
f 1695 	1694 	1739
f 1694 	1738 	1739
f 1696 	1695 	1740
f 1695 	1739 	1740
f 1697 	1696 	1741
f 1696 	1740 	1741
f 1698 	1697 	1742
f 1697 	1741 	1742
f 1699 	1698 	1743
f 1698 	1742 	1743
f 1700 	1699 	1744
f 1699 	1743 	1744
f 1701 	1700 	1745
f 1700 	1744 	1745
f 1702 	1701 	1746
f 1701 	1745 	1746
f 1703 	1702 	1747
f 1702 	1746 	1747
f 1704 	1703 	1748
f 1703 	1747 	1748
f 1705 	1704 	1749
f 1704 	1748 	1749
f 1706 	1705 	1750
f 1705 	1749 	1750
f 1707 	1706 	1751
f 1706 	1750 	1751
f 1708 	1707 	1752
f 1707 	1751 	1752
f 1709 	1708 	1753
f 1708 	1752 	1753
f 1710 	1709 	1754
f 1709 	1753 	1754
f 1711 	1710 	1755
f 1710 	1754 	1755
f 1712 	1711 	1756
f 1711 	1755 	1756
f 1713 	1712 	1757
f 1712 	1756 	1757
f 1714 	1713 	1758
f 1713 	1757 	1758
f 1715 	1714 	1759
f 1714 	1758 	1759
f 1716 	1715 	1760
f 1715 	1759 	1760
f 1717 	1716 	1761
f 1716 	1760 	1761
f 1718 	1717 	1762
f 1717 	1761 	1762
f 1719 	1718 	1763
f 1718 	1762 	1763
f 1720 	1719 	1764
f 1719 	1763 	1764
f 1721 	1720 	1765
f 1720 	1764 	1765
f 1722 	1721 	1766
f 1721 	1765 	1766
f 1723 	1722 	1767
f 1722 	1766 	1767
f 1724 	1723 	1768
f 1723 	1767 	1768
f 1681 	1724 	1725
f 1724 	1768 	1725
f 1726 	1725 	1770
f 1725 	1769 	1770
f 1727 	1726 	1771
f 1726 	1770 	1771
f 1728 	1727 	1772
f 1727 	1771 	1772
f 1729 	1728 	1773
f 1728 	1772 	1773
f 1730 	1729 	1774
f 1729 	1773 	1774
f 1731 	1730 	1775
f 1730 	1774 	1775
f 1732 	1731 	1776
f 1731 	1775 	1776
f 1733 	1732 	1777
f 1732 	1776 	1777
f 1734 	1733 	1778
f 1733 	1777 	1778
f 1735 	1734 	1779
f 1734 	1778 	1779
f 1736 	1735 	1780
f 1735 	1779 	1780
f 1737 	1736 	1781
f 1736 	1780 	1781
f 1738 	1737 	1782
f 1737 	1781 	1782
f 1739 	1738 	1783
f 1738 	1782 	1783
f 1740 	1739 	1784
f 1739 	1783 	1784
f 1741 	1740 	1785
f 1740 	1784 	1785
f 1742 	1741 	1786
f 1741 	1785 	1786
f 1743 	1742 	1787
f 1742 	1786 	1787
f 1744 	1743 	1788
f 1743 	1787 	1788
f 1745 	1744 	1789
f 1744 	1788 	1789
f 1746 	1745 	1790
f 1745 	1789 	1790
f 1747 	1746 	1791
f 1746 	1790 	1791
f 1748 	1747 	1792
f 1747 	1791 	1792
f 1749 	1748 	1793
f 1748 	1792 	1793
f 1750 	1749 	1794
f 1749 	1793 	1794
f 1751 	1750 	1795
f 1750 	1794 	1795
f 1752 	1751 	1796
f 1751 	1795 	1796
f 1753 	1752 	1797
f 1752 	1796 	1797
f 1754 	1753 	1798
f 1753 	1797 	1798
f 1755 	1754 	1799
f 1754 	1798 	1799
f 1756 	1755 	1800
f 1755 	1799 	1800
f 1757 	1756 	1801
f 1756 	1800 	1801
f 1758 	1757 	1802
f 1757 	1801 	1802
f 1759 	1758 	1803
f 1758 	1802 	1803
f 1760 	1759 	1804
f 1759 	1803 	1804
f 1761 	1760 	1805
f 1760 	1804 	1805
f 1762 	1761 	1806
f 1761 	1805 	1806
f 1763 	1762 	1807
f 1762 	1806 	1807
f 1764 	1763 	1808
f 1763 	1807 	1808
f 1765 	1764 	1809
f 1764 	1808 	1809
f 1766 	1765 	1810
f 1765 	1809 	1810
f 1767 	1766 	1811
f 1766 	1810 	1811
f 1768 	1767 	1812
f 1767 	1811 	1812
f 1725 	1768 	1769
f 1768 	1812 	1769
f 1770 	1769 	1814
f 1769 	1813 	1814
f 1771 	1770 	1815
f 1770 	1814 	1815
f 1772 	1771 	1816
f 1771 	1815 	1816
f 1773 	1772 	1817
f 1772 	1816 	1817
f 1774 	1773 	1818
f 1773 	1817 	1818
f 1775 	1774 	1819
f 1774 	1818 	1819
f 1776 	1775 	1820
f 1775 	1819 	1820
f 1777 	1776 	1821
f 1776 	1820 	1821
f 1778 	1777 	1822
f 1777 	1821 	1822
f 1779 	1778 	1823
f 1778 	1822 	1823
f 1780 	1779 	1824
f 1779 	1823 	1824
f 1781 	1780 	1825
f 1780 	1824 	1825
f 1782 	1781 	1826
f 1781 	1825 	1826
f 1783 	1782 	1827
f 1782 	1826 	1827
f 1784 	1783 	1828
f 1783 	1827 	1828
f 1785 	1784 	1829
f 1784 	1828 	1829
f 1786 	1785 	1830
f 1785 	1829 	1830
f 1787 	1786 	1831
f 1786 	1830 	1831
f 1788 	1787 	1832
f 1787 	1831 	1832
f 1789 	1788 	1833
f 1788 	1832 	1833
f 1790 	1789 	1834
f 1789 	1833 	1834
f 1791 	1790 	1835
f 1790 	1834 	1835
f 1792 	1791 	1836
f 1791 	1835 	1836
f 1793 	1792 	1837
f 1792 	1836 	1837
f 1794 	1793 	1838
f 1793 	1837 	1838
f 1795 	1794 	1839
f 1794 	1838 	1839
f 1796 	1795 	1840
f 1795 	1839 	1840
f 1797 	1796 	1841
f 1796 	1840 	1841
f 1798 	1797 	1842
f 1797 	1841 	1842
f 1799 	1798 	1843
f 1798 	1842 	1843
f 1800 	1799 	1844
f 1799 	1843 	1844
f 1801 	1800 	1845
f 1800 	1844 	1845
f 1802 	1801 	1846
f 1801 	1845 	1846
f 1803 	1802 	1847
f 1802 	1846 	1847
f 1804 	1803 	1848
f 1803 	1847 	1848
f 1805 	1804 	1849
f 1804 	1848 	1849
f 1806 	1805 	1850
f 1805 	1849 	1850
f 1807 	1806 	1851
f 1806 	1850 	1851
f 1808 	1807 	1852
f 1807 	1851 	1852
f 1809 	1808 	1853
f 1808 	1852 	1853
f 1810 	1809 	1854
f 1809 	1853 	1854
f 1811 	1810 	1855
f 1810 	1854 	1855
f 1812 	1811 	1856
f 1811 	1855 	1856
f 1769 	1812 	1813
f 1812 	1856 	1813
f 1814 	1813 	1858
f 1813 	1857 	1858
f 1815 	1814 	1859
f 1814 	1858 	1859
f 1816 	1815 	1860
f 1815 	1859 	1860
f 1817 	1816 	1861
f 1816 	1860 	1861
f 1818 	1817 	1862
f 1817 	1861 	1862
f 1819 	1818 	1863
f 1818 	1862 	1863
f 1820 	1819 	1864
f 1819 	1863 	1864
f 1821 	1820 	1865
f 1820 	1864 	1865
f 1822 	1821 	1866
f 1821 	1865 	1866
f 1823 	1822 	1867
f 1822 	1866 	1867
f 1824 	1823 	1868
f 1823 	1867 	1868
f 1825 	1824 	1869
f 1824 	1868 	1869
f 1826 	1825 	1870
f 1825 	1869 	1870
f 1827 	1826 	1871
f 1826 	1870 	1871
f 1828 	1827 	1872
f 1827 	1871 	1872
f 1829 	1828 	1873
f 1828 	1872 	1873
f 1830 	1829 	1874
f 1829 	1873 	1874
f 1831 	1830 	1875
f 1830 	1874 	1875
f 1832 	1831 	1876
f 1831 	1875 	1876
f 1833 	1832 	1877
f 1832 	1876 	1877
f 1834 	1833 	1878
f 1833 	1877 	1878
f 1835 	1834 	1879
f 1834 	1878 	1879
f 1836 	1835 	1880
f 1835 	1879 	1880
f 1837 	1836 	1881
f 1836 	1880 	1881
f 1838 	1837 	1882
f 1837 	1881 	1882
f 1839 	1838 	1883
f 1838 	1882 	1883
f 1840 	1839 	1884
f 1839 	1883 	1884
f 1841 	1840 	1885
f 1840 	1884 	1885
f 1842 	1841 	1886
f 1841 	1885 	1886
f 1843 	1842 	1887
f 1842 	1886 	1887
f 1844 	1843 	1888
f 1843 	1887 	1888
f 1845 	1844 	1889
f 1844 	1888 	1889
f 1846 	1845 	1890
f 1845 	1889 	1890
f 1847 	1846 	1891
f 1846 	1890 	1891
f 1848 	1847 	1892
f 1847 	1891 	1892
f 1849 	1848 	1893
f 1848 	1892 	1893
f 1850 	1849 	1894
f 1849 	1893 	1894
f 1851 	1850 	1895
f 1850 	1894 	1895
f 1852 	1851 	1896
f 1851 	1895 	1896
f 1853 	1852 	1897
f 1852 	1896 	1897
f 1854 	1853 	1898
f 1853 	1897 	1898
f 1855 	1854 	1899
f 1854 	1898 	1899
f 1856 	1855 	1900
f 1855 	1899 	1900
f 1813 	1856 	1857
f 1856 	1900 	1857
f 1858 	1857 	1902
f 1857 	1901 	1902
f 1859 	1858 	1903
f 1858 	1902 	1903
f 1860 	1859 	1904
f 1859 	1903 	1904
f 1861 	1860 	1905
f 1860 	1904 	1905
f 1862 	1861 	1906
f 1861 	1905 	1906
f 1863 	1862 	1907
f 1862 	1906 	1907
f 1864 	1863 	1908
f 1863 	1907 	1908
f 1865 	1864 	1909
f 1864 	1908 	1909
f 1866 	1865 	1910
f 1865 	1909 	1910
f 1867 	1866 	1911
f 1866 	1910 	1911
f 1868 	1867 	1912
f 1867 	1911 	1912
f 1869 	1868 	1913
f 1868 	1912 	1913
f 1870 	1869 	1914
f 1869 	1913 	1914
f 1871 	1870 	1915
f 1870 	1914 	1915
f 1872 	1871 	1916
f 1871 	1915 	1916
f 1873 	1872 	1917
f 1872 	1916 	1917
f 1874 	1873 	1918
f 1873 	1917 	1918
f 1875 	1874 	1919
f 1874 	1918 	1919
f 1876 	1875 	1920
f 1875 	1919 	1920
f 1877 	1876 	1921
f 1876 	1920 	1921
f 1878 	1877 	1922
f 1877 	1921 	1922
f 1879 	1878 	1923
f 1878 	1922 	1923
f 1880 	1879 	1924
f 1879 	1923 	1924
f 1881 	1880 	1925
f 1880 	1924 	1925
f 1882 	1881 	1926
f 1881 	1925 	1926
f 1883 	1882 	1927
f 1882 	1926 	1927
f 1884 	1883 	1928
f 1883 	1927 	1928
f 1885 	1884 	1929
f 1884 	1928 	1929
f 1886 	1885 	1930
f 1885 	1929 	1930
f 1887 	1886 	1931
f 1886 	1930 	1931
f 1888 	1887 	1932
f 1887 	1931 	1932
f 1889 	1888 	1933
f 1888 	1932 	1933
f 1890 	1889 	1934
f 1889 	1933 	1934
f 1891 	1890 	1935
f 1890 	1934 	1935
f 1892 	1891 	1936
f 1891 	1935 	1936
f 1893 	1892 	1937
f 1892 	1936 	1937
f 1894 	1893 	1938
f 1893 	1937 	1938
f 1895 	1894 	1939
f 1894 	1938 	1939
f 1896 	1895 	1940
f 1895 	1939 	1940
f 1897 	1896 	1941
f 1896 	1940 	1941
f 1898 	1897 	1942
f 1897 	1941 	1942
f 1899 	1898 	1943
f 1898 	1942 	1943
f 1900 	1899 	1944
f 1899 	1943 	1944
f 1857 	1900 	1901
f 1900 	1944 	1901
f 1902 	1901 	1946
f 1901 	1945 	1946
f 1903 	1902 	1947
f 1902 	1946 	1947
f 1904 	1903 	1948
f 1903 	1947 	1948
f 1905 	1904 	1949
f 1904 	1948 	1949
f 1906 	1905 	1950
f 1905 	1949 	1950
f 1907 	1906 	1951
f 1906 	1950 	1951
f 1908 	1907 	1952
f 1907 	1951 	1952
f 1909 	1908 	1953
f 1908 	1952 	1953
f 1910 	1909 	1954
f 1909 	1953 	1954
f 1911 	1910 	1955
f 1910 	1954 	1955
f 1912 	1911 	1956
f 1911 	1955 	1956
f 1913 	1912 	1957
f 1912 	1956 	1957
f 1914 	1913 	1958
f 1913 	1957 	1958
f 1915 	1914 	1959
f 1914 	1958 	1959
f 1916 	1915 	1960
f 1915 	1959 	1960
f 1917 	1916 	1961
f 1916 	1960 	1961
f 1918 	1917 	1962
f 1917 	1961 	1962
f 1919 	1918 	1963
f 1918 	1962 	1963
f 1920 	1919 	1964
f 1919 	1963 	1964
f 1921 	1920 	1965
f 1920 	1964 	1965
f 1922 	1921 	1966
f 1921 	1965 	1966
f 1923 	1922 	1967
f 1922 	1966 	1967
f 1924 	1923 	1968
f 1923 	1967 	1968
f 1925 	1924 	1969
f 1924 	1968 	1969
f 1926 	1925 	1970
f 1925 	1969 	1970
f 1927 	1926 	1971
f 1926 	1970 	1971
f 1928 	1927 	1972
f 1927 	1971 	1972
f 1929 	1928 	1973
f 1928 	1972 	1973
f 1930 	1929 	1974
f 1929 	1973 	1974
f 1931 	1930 	1975
f 1930 	1974 	1975
f 1932 	1931 	1976
f 1931 	1975 	1976
f 1933 	1932 	1977
f 1932 	1976 	1977
f 1934 	1933 	1978
f 1933 	1977 	1978
f 1935 	1934 	1979
f 1934 	1978 	1979
f 1936 	1935 	1980
f 1935 	1979 	1980
f 1937 	1936 	1981
f 1936 	1980 	1981
f 1938 	1937 	1982
f 1937 	1981 	1982
f 1939 	1938 	1983
f 1938 	1982 	1983
f 1940 	1939 	1984
f 1939 	1983 	1984
f 1941 	1940 	1985
f 1940 	1984 	1985
f 1942 	1941 	1986
f 1941 	1985 	1986
f 1943 	1942 	1987
f 1942 	1986 	1987
f 1944 	1943 	1988
f 1943 	1987 	1988
f 1901 	1944 	1945
f 1944 	1988 	1945
f 1946 	1945 	1990
f 1945 	1989 	1990
f 1947 	1946 	1991
f 1946 	1990 	1991
f 1948 	1947 	1992
f 1947 	1991 	1992
f 1949 	1948 	1993
f 1948 	1992 	1993
f 1950 	1949 	1994
f 1949 	1993 	1994
f 1951 	1950 	1995
f 1950 	1994 	1995
f 1952 	1951 	1996
f 1951 	1995 	1996
f 1953 	1952 	1997
f 1952 	1996 	1997
f 1954 	1953 	1998
f 1953 	1997 	1998
f 1955 	1954 	1999
f 1954 	1998 	1999
f 1956 	1955 	2000
f 1955 	1999 	2000
f 1957 	1956 	2001
f 1956 	2000 	2001
f 1958 	1957 	2002
f 1957 	2001 	2002
f 1959 	1958 	2003
f 1958 	2002 	2003
f 1960 	1959 	2004
f 1959 	2003 	2004
f 1961 	1960 	2005
f 1960 	2004 	2005
f 1962 	1961 	2006
f 1961 	2005 	2006
f 1963 	1962 	2007
f 1962 	2006 	2007
f 1964 	1963 	2008
f 1963 	2007 	2008
f 1965 	1964 	2009
f 1964 	2008 	2009
f 1966 	1965 	2010
f 1965 	2009 	2010
f 1967 	1966 	2011
f 1966 	2010 	2011
f 1968 	1967 	2012
f 1967 	2011 	2012
f 1969 	1968 	2013
f 1968 	2012 	2013
f 1970 	1969 	2014
f 1969 	2013 	2014
f 1971 	1970 	2015
f 1970 	2014 	2015
f 1972 	1971 	2016
f 1971 	2015 	2016
f 1973 	1972 	2017
f 1972 	2016 	2017
f 1974 	1973 	2018
f 1973 	2017 	2018
f 1975 	1974 	2019
f 1974 	2018 	2019
f 1976 	1975 	2020
f 1975 	2019 	2020
f 1977 	1976 	2021
f 1976 	2020 	2021
f 1978 	1977 	2022
f 1977 	2021 	2022
f 1979 	1978 	2023
f 1978 	2022 	2023
f 1980 	1979 	2024
f 1979 	2023 	2024
f 1981 	1980 	2025
f 1980 	2024 	2025
f 1982 	1981 	2026
f 1981 	2025 	2026
f 1983 	1982 	2027
f 1982 	2026 	2027
f 1984 	1983 	2028
f 1983 	2027 	2028
f 1985 	1984 	2029
f 1984 	2028 	2029
f 1986 	1985 	2030
f 1985 	2029 	2030
f 1987 	1986 	2031
f 1986 	2030 	2031
f 1988 	1987 	2032
f 1987 	2031 	2032
f 1945 	1988 	1989
f 1988 	2032 	1989
f 1990 	1989 	2034
f 1989 	2033 	2034
f 1991 	1990 	2035
f 1990 	2034 	2035
f 1992 	1991 	2036
f 1991 	2035 	2036
f 1993 	1992 	2037
f 1992 	2036 	2037
f 1994 	1993 	2038
f 1993 	2037 	2038
f 1995 	1994 	2039
f 1994 	2038 	2039
f 1996 	1995 	2040
f 1995 	2039 	2040
f 1997 	1996 	2041
f 1996 	2040 	2041
f 1998 	1997 	2042
f 1997 	2041 	2042
f 1999 	1998 	2043
f 1998 	2042 	2043
f 2000 	1999 	2044
f 1999 	2043 	2044
f 2001 	2000 	2045
f 2000 	2044 	2045
f 2002 	2001 	2046
f 2001 	2045 	2046
f 2003 	2002 	2047
f 2002 	2046 	2047
f 2004 	2003 	2048
f 2003 	2047 	2048
f 2005 	2004 	2049
f 2004 	2048 	2049
f 2006 	2005 	2050
f 2005 	2049 	2050
f 2007 	2006 	2051
f 2006 	2050 	2051
f 2008 	2007 	2052
f 2007 	2051 	2052
f 2009 	2008 	2053
f 2008 	2052 	2053
f 2010 	2009 	2054
f 2009 	2053 	2054
f 2011 	2010 	2055
f 2010 	2054 	2055
f 2012 	2011 	2056
f 2011 	2055 	2056
f 2013 	2012 	2057
f 2012 	2056 	2057
f 2014 	2013 	2058
f 2013 	2057 	2058
f 2015 	2014 	2059
f 2014 	2058 	2059
f 2016 	2015 	2060
f 2015 	2059 	2060
f 2017 	2016 	2061
f 2016 	2060 	2061
f 2018 	2017 	2062
f 2017 	2061 	2062
f 2019 	2018 	2063
f 2018 	2062 	2063
f 2020 	2019 	2064
f 2019 	2063 	2064
f 2021 	2020 	2065
f 2020 	2064 	2065
f 2022 	2021 	2066
f 2021 	2065 	2066
f 2023 	2022 	2067
f 2022 	2066 	2067
f 2024 	2023 	2068
f 2023 	2067 	2068
f 2025 	2024 	2069
f 2024 	2068 	2069
f 2026 	2025 	2070
f 2025 	2069 	2070
f 2027 	2026 	2071
f 2026 	2070 	2071
f 2028 	2027 	2072
f 2027 	2071 	2072
f 2029 	2028 	2073
f 2028 	2072 	2073
f 2030 	2029 	2074
f 2029 	2073 	2074
f 2031 	2030 	2075
f 2030 	2074 	2075
f 2032 	2031 	2076
f 2031 	2075 	2076
f 1989 	2032 	2033
f 2032 	2076 	2033
f 2034 	2033 	2078
f 2033 	2077 	2078
f 2035 	2034 	2079
f 2034 	2078 	2079
f 2036 	2035 	2080
f 2035 	2079 	2080
f 2037 	2036 	2081
f 2036 	2080 	2081
f 2038 	2037 	2082
f 2037 	2081 	2082
f 2039 	2038 	2083
f 2038 	2082 	2083
f 2040 	2039 	2084
f 2039 	2083 	2084
f 2041 	2040 	2085
f 2040 	2084 	2085
f 2042 	2041 	2086
f 2041 	2085 	2086
f 2043 	2042 	2087
f 2042 	2086 	2087
f 2044 	2043 	2088
f 2043 	2087 	2088
f 2045 	2044 	2089
f 2044 	2088 	2089
f 2046 	2045 	2090
f 2045 	2089 	2090
f 2047 	2046 	2091
f 2046 	2090 	2091
f 2048 	2047 	2092
f 2047 	2091 	2092
f 2049 	2048 	2093
f 2048 	2092 	2093
f 2050 	2049 	2094
f 2049 	2093 	2094
f 2051 	2050 	2095
f 2050 	2094 	2095
f 2052 	2051 	2096
f 2051 	2095 	2096
f 2053 	2052 	2097
f 2052 	2096 	2097
f 2054 	2053 	2098
f 2053 	2097 	2098
f 2055 	2054 	2099
f 2054 	2098 	2099
f 2056 	2055 	2100
f 2055 	2099 	2100
f 2057 	2056 	2101
f 2056 	2100 	2101
f 2058 	2057 	2102
f 2057 	2101 	2102
f 2059 	2058 	2103
f 2058 	2102 	2103
f 2060 	2059 	2104
f 2059 	2103 	2104
f 2061 	2060 	2105
f 2060 	2104 	2105
f 2062 	2061 	2106
f 2061 	2105 	2106
f 2063 	2062 	2107
f 2062 	2106 	2107
f 2064 	2063 	2108
f 2063 	2107 	2108
f 2065 	2064 	2109
f 2064 	2108 	2109
f 2066 	2065 	2110
f 2065 	2109 	2110
f 2067 	2066 	2111
f 2066 	2110 	2111
f 2068 	2067 	2112
f 2067 	2111 	2112
f 2069 	2068 	2113
f 2068 	2112 	2113
f 2070 	2069 	2114
f 2069 	2113 	2114
f 2071 	2070 	2115
f 2070 	2114 	2115
f 2072 	2071 	2116
f 2071 	2115 	2116
f 2073 	2072 	2117
f 2072 	2116 	2117
f 2074 	2073 	2118
f 2073 	2117 	2118
f 2075 	2074 	2119
f 2074 	2118 	2119
f 2076 	2075 	2120
f 2075 	2119 	2120
f 2033 	2076 	2077
f 2076 	2120 	2077
f 2078 	2077 	2122
f 2077 	2121 	2122
f 2079 	2078 	2123
f 2078 	2122 	2123
f 2080 	2079 	2124
f 2079 	2123 	2124
f 2081 	2080 	2125
f 2080 	2124 	2125
f 2082 	2081 	2126
f 2081 	2125 	2126
f 2083 	2082 	2127
f 2082 	2126 	2127
f 2084 	2083 	2128
f 2083 	2127 	2128
f 2085 	2084 	2129
f 2084 	2128 	2129
f 2086 	2085 	2130
f 2085 	2129 	2130
f 2087 	2086 	2131
f 2086 	2130 	2131
f 2088 	2087 	2132
f 2087 	2131 	2132
f 2089 	2088 	2133
f 2088 	2132 	2133
f 2090 	2089 	2134
f 2089 	2133 	2134
f 2091 	2090 	2135
f 2090 	2134 	2135
f 2092 	2091 	2136
f 2091 	2135 	2136
f 2093 	2092 	2137
f 2092 	2136 	2137
f 2094 	2093 	2138
f 2093 	2137 	2138
f 2095 	2094 	2139
f 2094 	2138 	2139
f 2096 	2095 	2140
f 2095 	2139 	2140
f 2097 	2096 	2141
f 2096 	2140 	2141
f 2098 	2097 	2142
f 2097 	2141 	2142
f 2099 	2098 	2143
f 2098 	2142 	2143
f 2100 	2099 	2144
f 2099 	2143 	2144
f 2101 	2100 	2145
f 2100 	2144 	2145
f 2102 	2101 	2146
f 2101 	2145 	2146
f 2103 	2102 	2147
f 2102 	2146 	2147
f 2104 	2103 	2148
f 2103 	2147 	2148
f 2105 	2104 	2149
f 2104 	2148 	2149
f 2106 	2105 	2150
f 2105 	2149 	2150
f 2107 	2106 	2151
f 2106 	2150 	2151
f 2108 	2107 	2152
f 2107 	2151 	2152
f 2109 	2108 	2153
f 2108 	2152 	2153
f 2110 	2109 	2154
f 2109 	2153 	2154
f 2111 	2110 	2155
f 2110 	2154 	2155
f 2112 	2111 	2156
f 2111 	2155 	2156
f 2113 	2112 	2157
f 2112 	2156 	2157
f 2114 	2113 	2158
f 2113 	2157 	2158
f 2115 	2114 	2159
f 2114 	2158 	2159
f 2116 	2115 	2160
f 2115 	2159 	2160
f 2117 	2116 	2161
f 2116 	2160 	2161
f 2118 	2117 	2162
f 2117 	2161 	2162
f 2119 	2118 	2163
f 2118 	2162 	2163
f 2120 	2119 	2164
f 2119 	2163 	2164
f 2077 	2120 	2121
f 2120 	2164 	2121
f 2122 	2121 	2165
f 2123 	2122 	2165
f 2124 	2123 	2165
f 2125 	2124 	2165
f 2126 	2125 	2165
f 2127 	2126 	2165
f 2128 	2127 	2165
f 2129 	2128 	2165
f 2130 	2129 	2165
f 2131 	2130 	2165
f 2132 	2131 	2166
f 2131 	2165 	2166
f 2133 	2132 	2166
f 2134 	2133 	2166
f 2135 	2134 	2166
f 2136 	2135 	2166
f 2137 	2136 	2166
f 2138 	2137 	2166
f 2139 	2138 	2166
f 2140 	2139 	2166
f 2141 	2140 	2166
f 2142 	2141 	2166
f 2143 	2142 	2167
f 2142 	2166 	2167
f 2144 	2143 	2167
f 2145 	2144 	2167
f 2146 	2145 	2167
f 2147 	2146 	2167
f 2148 	2147 	2167
f 2149 	2148 	2167
f 2150 	2149 	2167
f 2151 	2150 	2167
f 2152 	2151 	2167
f 2153 	2152 	2167
f 2154 	2153 	2168
f 2153 	2167 	2168
f 2155 	2154 	2168
f 2156 	2155 	2168
f 2157 	2156 	2168
f 2158 	2157 	2168
f 2159 	2158 	2168
f 2160 	2159 	2168
f 2161 	2160 	2168
f 2162 	2161 	2168
f 2163 	2162 	2168
f 2164 	2163 	2168
f 2121 	2164 	2165
f 2164 	2168 	2165
f 1281 	1282 	1284
f 1282 	1283 	1284
f 2165 	2168 	2166
f 2166 	2168 	2167
# 1772 faces

 #end of obj_5

o obj_6
v 131.261 		27.983 		4
v 131.518 		27.932 		4
v 131.765 		27.848 		4
v 132 		27.732 		4
v 132.218 		27.587 		4
v 132.414 		27.414 		4
v 132.587 		27.218 		4
v 132.732 		27 		4
v 132.848 		26.765 		4
v 133 		26 		7
v 133 		26 		4
v 132 		26 		7
v 132.932 		26.518 		4
v 131 		5.9 		7
v 131 		4.9 		7
v 132.983 		26.261 		4
v 131 		24 		7
v 131.261 		24.017 		7
v 131.518 		24.068 		7
v 131.765 		24.152 		7
v 132 		24.268 		7
v 132 		26 		4
v 133 		4 		7
v 133 		4 		4
v 132.9872 		4.096 		7
v 132.9935 		4 		7
v 131 		28 		4
v 131 		24 		4
v 131.261 		24.017 		4
v 133 		3.9 		7
v 131.518 		24.068 		4
v 131.261 		1.917 		7
v 131.518 		1.968 		7
v 131.765 		2.052 		7
v 132 		2.168 		7
v 131.765 		24.152 		4
v 132.218 		2.313 		7
v 132.414 		2.486 		7
v 132.587 		2.682 		7
v 132.732 		2.9 		7
v 132.848 		3.135 		7
v 132.932 		3.382 		7
v 132.983 		3.639 		7
v 132 		24.268 		4
v 131.261 		27.983 		7
v 131 		1.9 		7
v 129.413 		24.782 		4
v 129.586 		24.586 		4
v 129.586 		24.586 		7
v 129.413 		24.782 		7
v 132.848 		3.135 		4
v 132 		5.632 		4
v 132 		5.632 		7
v 129.782 		24.413 		4
v 129.782 		24.413 		7
v 129.104 		26.624 		4
v 129.152 		26.765 		4
v 129.268 		27 		4
v 129.413 		27.218 		4
v 129.586 		27.414 		4
v 129.782 		27.587 		4
v 130 		27.732 		4
v 130 		24.268 		4
v 130.235 		27.848 		4
v 130.482 		27.932 		4
v 132.848 		26.765 		7
v 132.732 		27 		7
v 132.587 		27.218 		7
v 132.414 		27.414 		7
v 132.218 		27.587 		7
v 132 		27.732 		7
v 131.765 		27.848 		7
v 131.518 		27.932 		7
v 129.017 		26.261 		7
v 129.068 		26.518 		7
v 132.9872 		4.096 		4
v 132.932 		3.382 		4
v 129 		26 		7
v 131.765 		5.748 		4
v 131.765 		5.748 		7
v 130.739 		27.983 		4
v 131.518 		5.832 		4
v 131.518 		5.832 		7
v 129.068 		26.518 		4
v 129.017 		25.739 		7
v 130 		24.268 		7
v 132.983 		4.161 		4
v 132.983 		26.261 		7
v 132.932 		26.518 		7
v 131.261 		5.883 		4
v 131.261 		5.883 		7
v 129.068 		25.482 		7
v 129.152 		25.235 		7
v 129.017 		26.261 		4
v 132.932 		4.418 		4
v 129.268 		25 		7
v 131 		5.9 		4
v 132.983 		4.161 		7
v 129 		26 		4
v 132.848 		4.665 		4
v 132.732 		4.9 		4
v 131.261 		1.917 		4
v 132.932 		4.418 		7
v 129.017 		25.739 		4
v 132.848 		4.665 		7
v 132.587 		5.118 		4
v 129.068 		25.482 		4
v 131.518 		1.968 		4
v 132.732 		4.9 		7
v 132.414 		5.314 		4
v 132.587 		5.118 		7
v 129.152 		25.235 		4
v 129.104 		26.624 		7
v 129.268 		25 		4
v 131.765 		2.052 		4
v 132.218 		5.487 		4
v 130.235 		24.152 		4
v 130.235 		24.152 		7
v 130.482 		24.068 		4
v 132 		2.168 		4
v 130.482 		24.068 		7
v 130.739 		24.017 		4
v 132.218 		2.313 		4
v 130.739 		24.017 		7
v 132.414 		2.486 		4
v 130.739 		5.883 		7
v 130.482 		5.832 		7
v 130.235 		5.748 		7
v 130 		5.632 		7
v 129.782 		5.487 		7
v 129.586 		5.314 		7
v 132.587 		2.682 		4
v 129.413 		5.118 		7
v 132.414 		5.314 		7
v 132.983 		3.639 		4
v 131 		4.9 		4
v 132.218 		5.487 		7
v 130.739 		5.883 		4
v 130.482 		5.832 		4
v 132.9935 		4 		4
v 129.268 		4.9 		4
v 129.413 		5.118 		4
v 130.235 		5.748 		4
v 129.586 		5.314 		4
v 129.782 		5.487 		4
v 130 		5.632 		4
v 133 		3.9 		4
v 131 		1.9 		4
v 127 		1.9 		4
v 127 		4.9 		4
v 127 		1.9 		7
v 132.732 		2.9 		4
v 127 		25 		7
v 127 		25 		4
v 129.268 		4.9 		7
v 127 		28 		7
v 127 		28 		4
v 127 		4.9 		7
v 131 		28 		7
v 130.739 		27.983 		7
v 130.482 		27.932 		7
v 130.235 		27.848 		7
v 130 		27.732 		7
v 129.782 		27.587 		7
v 129.586 		27.414 		7
v 129.413 		27.218 		7
v 129.268 		27 		7
v 129.152 		26.765 		7
# 168 vertices

g group_6_15277357

usemtl color_15277357
s 0

f 2171 	2190 	2170
f 2172 	2190 	2171
f 2173 	2190 	2172
f 2174 	2190 	2173
f 2175 	2190 	2174
f 2176 	2190 	2175
f 2177 	2190 	2176
f 2192 	2179 	2191
f 2178 	2191 	2179
f 2184 	2190 	2181
f 2179 	2190 	2184
f 2189 	2180 	2188
f 2188 	2180 	2187
f 2186 	2187 	2180
f 2191 	2193 	2194
f 2181 	2190 	2177
f 2169 	2170 	2190
f 2185 	2196 	2197
f 2185 	2197 	2186
f 2197 	2199 	2187
f 2197 	2187 	2186
f 2272 	2267 	2190
f 2199 	2204 	2188
f 2199 	2188 	2187
f 2193 	2183 	2194
f 2198 	2194 	2183
f 2200 	2201 	2183
f 2201 	2202 	2183
f 2202 	2203 	2183
f 2203 	2205 	2183
f 2205 	2206 	2183
f 2206 	2207 	2183
f 2207 	2208 	2183
f 2208 	2209 	2183
f 2209 	2210 	2183
f 2211 	2183 	2210
f 2198 	2183 	2211
f 2212 	2189 	2188
f 2212 	2188 	2204
f 2212 	2204 	2190
f 2200 	2183 	2214
f 2215 	2216 	2217
f 2215 	2217 	2218
f 2204 	2199 	2190
f 2199 	2197 	2190
f 2197 	2196 	2190
f 2196 	2290 	2190
f 2217 	2216 	2223
f 2222 	2223 	2216
f 2190 	2179 	2212
f 2179 	2269 	2212
f 2212 	2220 	2221
f 2235 	2180 	2234
f 2236 	2237 	2180
f 2237 	2238 	2180
f 2238 	2239 	2180
f 2239 	2240 	2180
f 2240 	2241 	2180
f 2213 	2180 	2241
f 2220 	2247 	2248
f 2220 	2248 	2221
f 2225 	2226 	2190
f 2226 	2227 	2190
f 2227 	2228 	2190
f 2228 	2229 	2190
f 2229 	2230 	2190
f 2230 	2232 	2190
f 2232 	2233 	2190
f 2233 	2249 	2190
f 2249 	2195 	2190
f 2195 	2169 	2190
f 2221 	2189 	2212
f 2246 	2321 	2253
f 2247 	2250 	2251
f 2247 	2251 	2248
f 2231 	2254 	2223
f 2231 	2223 	2222
f 2250 	2258 	2259
f 2250 	2259 	2251
f 2253 	2321 	2260
f 2263 	2179 	2255
f 2179 	2192 	2255
f 2244 	2255 	2192
f 2260 	2321 	2261
f 2182 	2259 	2258
f 2178 	2180 	2189
f 2279 	2277 	2189
f 2178 	2189 	2277
f 2178 	2273 	2271
f 2263 	2268 	2179
f 2258 	2265 	2182
f 2267 	2322 	2262
f 2193 	2191 	2266
f 2191 	2178 	2266
f 2271 	2266 	2178
f 2274 	2212 	2269
f 2268 	2269 	2179
f 2272 	2275 	2322
f 2267 	2272 	2322
f 2278 	2212 	2274
f 2275 	2280 	2322
f 2273 	2178 	2277
f 2189 	2302 	2279
f 2270 	2276 	2201
f 2270 	2201 	2200
f 2220 	2212 	2284
f 2278 	2284 	2212
f 2280 	2282 	2322
f 2242 	2180 	2243
f 2246 	2180 	2242
f 2253 	2180 	2246
f 2261 	2180 	2260
f 2264 	2180 	2261
f 2218 	2180 	2264
f 2217 	2180 	2218
f 2223 	2180 	2217
f 2253 	2260 	2180
f 2276 	2283 	2202
f 2276 	2202 	2201
f 2285 	2286 	2254
f 2285 	2254 	2231
f 2283 	2288 	2203
f 2283 	2203 	2202
f 2287 	2289 	2286
f 2287 	2286 	2285
f 2288 	2291 	2205
f 2288 	2205 	2203
f 2290 	2292 	2289
f 2290 	2289 	2287
f 2223 	2254 	2180
f 2254 	2286 	2180
f 2286 	2289 	2180
f 2289 	2292 	2180
f 2292 	2185 	2180
f 2185 	2186 	2180
f 2291 	2293 	2206
f 2291 	2206 	2205
f 2196 	2185 	2292
f 2196 	2292 	2290
f 2215 	2282 	2190
f 2282 	2280 	2190
f 2280 	2275 	2190
f 2272 	2190 	2275
f 2224 	2190 	2252
f 2262 	2252 	2190
f 2225 	2190 	2224
f 2267 	2262 	2190
f 2250 	2304 	2258
f 2220 	2284 	2304
f 2270 	2304 	2284
f 2278 	2270 	2284
f 2274 	2270 	2278
f 2269 	2270 	2274
f 2268 	2270 	2269
f 2263 	2270 	2268
f 2255 	2270 	2263
f 2244 	2270 	2255
f 2219 	2245 	2210
f 2219 	2210 	2209
f 2285 	2231 	2190
f 2231 	2222 	2190
f 2287 	2285 	2190
f 2222 	2216 	2190
f 2216 	2215 	2190
f 2290 	2287 	2190
f 2265 	2258 	2304
f 2182 	2265 	2306
f 2182 	2306 	2294
f 2305 	2189 	2221
f 2302 	2189 	2305
f 2306 	2307 	2295
f 2306 	2295 	2294
f 2245 	2303 	2211
f 2245 	2211 	2210
f 2244 	2192 	2308
f 2307 	2311 	2296
f 2307 	2296 	2295
f 2304 	2309 	2310
f 2304 	2310 	2312
f 2304 	2312 	2313
f 2304 	2313 	2314
f 2304 	2314 	2311
f 2304 	2311 	2307
f 2304 	2307 	2306
f 2304 	2306 	2265
f 2303 	2315 	2198
f 2303 	2198 	2211
f 2311 	2314 	2297
f 2311 	2297 	2296
f 2191 	2194 	2308
f 2191 	2308 	2192
f 2314 	2313 	2298
f 2314 	2298 	2297
f 2318 	2309 	2317
f 2316 	2317 	2309
f 2316 	2309 	2304
f 2313 	2312 	2299
f 2313 	2299 	2298
f 2319 	2317 	2316
f 2319 	2316 	2214
f 2308 	2194 	2198
f 2308 	2198 	2315
f 2182 	2183 	2259
f 2193 	2266 	2183
f 2266 	2271 	2183
f 2271 	2273 	2183
f 2273 	2277 	2183
f 2277 	2279 	2183
f 2279 	2302 	2183
f 2302 	2305 	2183
f 2305 	2221 	2183
f 2221 	2248 	2183
f 2248 	2251 	2183
f 2259 	2183 	2251
f 2214 	2316 	2270
f 2214 	2270 	2200
f 2296 	2183 	2295
f 2297 	2183 	2296
f 2294 	2295 	2183
f 2298 	2183 	2297
f 2299 	2183 	2298
f 2301 	2183 	2299
f 2323 	2183 	2301
f 2182 	2294 	2183
f 2245 	2219 	2303
f 2219 	2320 	2303
f 2315 	2303 	2320
f 2308 	2315 	2320
f 2320 	2300 	2308
f 2300 	2293 	2308
f 2293 	2291 	2308
f 2291 	2288 	2308
f 2288 	2283 	2308
f 2283 	2276 	2308
f 2276 	2270 	2308
f 2244 	2308 	2270
f 2247 	2220 	2304
f 2324 	2325 	2322
f 2324 	2322 	2321
f 2326 	2318 	2317
f 2326 	2317 	2319
f 2250 	2247 	2304
f 2304 	2270 	2316
f 2324 	2327 	2195
f 2324 	2195 	2325
f 2264 	2261 	2321
f 2321 	2242 	2324
f 2334 	2333 	2324
f 2333 	2332 	2324
f 2331 	2330 	2324
f 2312 	2310 	2301
f 2312 	2301 	2299
f 2264 	2321 	2322
f 2327 	2324 	2328
f 2329 	2328 	2324
f 2310 	2309 	2323
f 2310 	2323 	2301
f 2329 	2324 	2330
f 2214 	2323 	2319
f 2326 	2319 	2323
f 2183 	2323 	2214
f 2282 	2264 	2322
f 2331 	2324 	2332
f 2282 	2215 	2218
f 2282 	2218 	2264
f 2323 	2309 	2326
f 2293 	2300 	2207
f 2293 	2207 	2206
f 2233 	2232 	2325
f 2232 	2230 	2325
f 2325 	2224 	2252
f 2252 	2262 	2325
f 2325 	2262 	2322
f 2300 	2320 	2208
f 2300 	2208 	2207
f 2233 	2325 	2249
f 2195 	2249 	2325
f 2257 	2180 	2256
f 2257 	2234 	2180
f 2178 	2256 	2180
f 2334 	2324 	2335
f 2320 	2219 	2209
f 2320 	2209 	2208
f 2336 	2324 	2281
f 2327 	2328 	2180
f 2327 	2180 	2213
f 2335 	2324 	2336
f 2235 	2236 	2180
f 2230 	2229 	2325
f 2318 	2326 	2309
f 2227 	2325 	2228
f 2229 	2228 	2325
f 2181 	2177 	2234
f 2181 	2234 	2257
f 2177 	2176 	2235
f 2177 	2235 	2234
f 2325 	2227 	2226
f 2330 	2180 	2329
f 2331 	2180 	2330
f 2328 	2329 	2180
f 2332 	2180 	2331
f 2333 	2180 	2332
f 2334 	2180 	2333
f 2335 	2180 	2334
f 2281 	2180 	2336
f 2243 	2180 	2281
f 2336 	2180 	2335
f 2176 	2175 	2236
f 2176 	2236 	2235
f 2224 	2325 	2225
f 2226 	2225 	2325
f 2243 	2324 	2242
f 2281 	2324 	2243
f 2246 	2242 	2321
f 2175 	2174 	2237
f 2175 	2237 	2236
f 2174 	2173 	2238
f 2174 	2238 	2237
f 2173 	2172 	2239
f 2173 	2239 	2238
f 2172 	2171 	2240
f 2172 	2240 	2239
f 2171 	2170 	2241
f 2171 	2241 	2240
f 2170 	2169 	2213
f 2170 	2213 	2241
f 2184 	2256 	2178
f 2184 	2178 	2179
f 2181 	2257 	2256
f 2181 	2256 	2184
f 2327 	2213 	2195
f 2169 	2195 	2213
# 332 faces

 #end of obj_6

o obj_7
v 7 		2 		7
v 7 		2 		4
v 7 		5 		4
v 7 		5 		7
v 7 		25 		7
v 7 		25 		4
v 7 		28 		4
v 7 		28 		7
v 1 		4 		4
v 1 		4 		7
v 2 		2.268 		4
v 2 		2.268 		7
v 1 		26 		7
v 1.152 		25.235 		4
v 1.268 		25 		4
v 1.782 		2.413 		7
v 1 		26 		4
v 1.782 		2.413 		4
v 1.413 		24.782 		4
v 2.739 		27.983 		4
v 2.482 		27.932 		4
v 2.482 		27.932 		7
v 1.586 		24.586 		4
v 2.739 		27.983 		7
v 2.235 		27.848 		4
v 2.235 		27.848 		7
v 3 		2 		4
v 2.739 		2.017 		4
v 2.482 		2.068 		4
v 2 		27.732 		4
v 2.235 		2.152 		4
v 2 		27.732 		7
v 1.782 		27.587 		4
v 1.782 		27.587 		7
v 1.5973 		24.576 		4
v 1.586 		2.586 		4
v 2.235 		5.848 		4
v 1.413 		2.782 		4
v 2.482 		5.932 		4
v 1.268 		3 		4
v 2.739 		5.983 		4
v 1.152 		3.235 		4
v 1.068 		3.482 		4
v 3 		6 		4
v 1.017 		3.739 		4
v 1.586 		27.414 		4
v 1.586 		27.414 		7
v 2 		4 		4
v 2 		5.732 		4
v 1.413 		27.218 		4
v 4.848 		4.765 		7
v 2.235 		2.152 		7
v 2.482 		2.068 		7
v 4.932 		4.518 		7
v 2.739 		2.017 		7
v 1.068 		25.482 		4
v 3 		2 		7
v 1.017 		25.739 		4
v 4.732 		5 		7
v 1.017 		26.261 		4
v 1.068 		26.518 		4
v 1.413 		27.218 		7
v 1.413 		2.782 		7
v 1.586 		2.586 		7
v 1.268 		27 		4
v 1.268 		27 		7
v 2 		4 		7
v 3 		6 		7
v 2.739 		5.983 		7
v 1.017 		3.739 		7
v 1.068 		3.482 		7
v 4.587 		5.218 		7
v 1.152 		3.235 		7
v 2.482 		5.932 		7
v 1.268 		3 		7
v 4.414 		5.414 		7
v 2.235 		5.848 		7
v 4.218 		5.587 		7
v 1.152 		26.765 		4
v 1.152 		26.765 		7
v 4.9937 		4.096 		7
v 4.983 		4.261 		7
v 2 		5.732 		7
v 4 		5.732 		7
v 1.068 		26.518 		7
v 3.765 		5.848 		7
v 3.518 		5.932 		7
v 3.261 		5.983 		7
v 1.017 		26.261 		7
v 4.218 		2.413 		7
v 4.096 		2.3319 		7
v 3 		25 		4
v 4.414 		2.586 		7
v 4 		5.732 		4
v 3.261 		2.017 		4
v 3.765 		5.848 		4
v 3.518 		2.068 		4
v 3.765 		2.152 		4
v 3.518 		5.932 		4
v 1.782 		24.413 		4
v 2 		24.268 		4
v 4 		2.268 		4
v 2 		24.268 		7
v 2.235 		24.152 		4
v 4.096 		2.3319 		4
v 2.235 		24.152 		7
v 3 		24 		4
v 2.739 		24.017 		4
v 2.482 		24.068 		4
v 4.587 		2.782 		7
v 4.732 		3 		7
v 4.848 		3.235 		7
v 3 		28 		7
v 4.732 		25 		4
v 4.587 		24.782 		4
v 4.414 		24.586 		4
v 4.932 		3.482 		7
v 4.983 		3.739 		7
v 5 		4 		7
v 4.218 		24.413 		4
v 4 		24.268 		4
v 3.765 		24.152 		4
v 3.518 		24.068 		4
v 3.261 		24.017 		4
v 3.261 		5.983 		4
v 3 		28 		4
v 4.414 		24.586 		7
v 3 		25 		7
v 3.261 		2.017 		7
v 3.518 		2.068 		7
v 3 		24 		7
v 3.261 		24.017 		7
v 3.765 		2.152 		7
v 3.518 		24.068 		7
v 3.765 		24.152 		7
v 4 		24.268 		7
v 4.218 		24.413 		7
v 4 		2.268 		7
v 4.732 		25 		7
v 4.587 		24.782 		7
v 1.017 		25.739 		7
v 4.732 		5 		4
v 1.068 		25.482 		7
v 4.587 		5.218 		4
v 1.152 		25.235 		7
v 1.268 		25 		7
v 4.414 		5.414 		4
v 2.482 		24.068 		7
v 1.413 		24.782 		7
v 4.218 		5.587 		4
v 2.739 		24.017 		7
v 1.586 		24.586 		7
v 1.5973 		24.576 		7
v 1.782 		24.413 		7
v 5 		4 		4
v 4.9937 		4.096 		4
v 4.983 		4.261 		4
v 4.932 		4.518 		4
v 4.848 		4.765 		4
v 4.218 		2.413 		4
v 4.414 		2.586 		4
v 4.587 		2.782 		4
v 4.732 		3 		4
v 4.848 		3.235 		4
v 4.932 		3.482 		4
v 4.983 		3.739 		4
# 166 vertices

g group_7_15277357

usemtl color_15277357
s 0

f 2337 	2338 	2339
f 2337 	2339 	2340
f 2341 	2342 	2343
f 2341 	2343 	2344
f 2345 	2346 	2349
f 2345 	2349 	2353
f 2347 	2348 	2352
f 2347 	2352 	2354
f 2359 	2385 	2355
f 2371 	2385 	2359
f 2356 	2357 	2358
f 2356 	2358 	2360
f 2357 	2361 	2362
f 2357 	2362 	2358
f 2361 	2366 	2368
f 2361 	2368 	2362
f 2367 	2384 	2365
f 2364 	2365 	2384
f 2366 	2369 	2370
f 2366 	2370 	2368
f 2380 	2461 	2441
f 2461 	2435 	2441
f 2369 	2382 	2383
f 2369 	2383 	2370
f 2372 	2384 	2354
f 2374 	2384 	2372
f 2376 	2384 	2374
f 2378 	2384 	2376
f 2379 	2384 	2378
f 2381 	2384 	2379
f 2345 	2384 	2381
f 2347 	2354 	2384
f 2384 	2367 	2347
f 2390 	2340 	2387
f 2389 	2403 	2388
f 2393 	2465 	2420
f 2373 	2375 	2384
f 2385 	2373 	2384
f 2382 	2386 	2398
f 2382 	2398 	2383
f 2386 	2401 	2402
f 2386 	2402 	2398
f 2348 	2403 	2352
f 2400 	2352 	2403
f 2399 	2400 	2403
f 2346 	2406 	2403
f 2406 	2407 	2403
f 2407 	2409 	2403
f 2411 	2403 	2409
f 2399 	2403 	2411
f 2401 	2415 	2416
f 2401 	2416 	2402
f 2413 	2403 	2410
f 2410 	2403 	2405
f 2405 	2403 	2404
f 2348 	2347 	2388
f 2367 	2388 	2347
f 2412 	2418 	2408
f 2414 	2417 	2412
f 2418 	2412 	2417
f 2395 	2408 	2418
f 2390 	2387 	2418
f 2395 	2418 	2387
f 2365 	2389 	2388
f 2365 	2388 	2367
f 2389 	2391 	2403
f 2364 	2391 	2389
f 2364 	2389 	2365
f 2421 	2416 	2397
f 2415 	2397 	2416
f 2363 	2393 	2391
f 2363 	2391 	2364
f 2419 	2403 	2413
f 2348 	2388 	2403
f 2403 	2391 	2420
f 2393 	2420 	2391
f 2423 	2403 	2422
f 2424 	2403 	2423
f 2404 	2403 	2424
f 2397 	2396 	2425
f 2397 	2425 	2421
f 2346 	2345 	2381
f 2346 	2381 	2406
f 2404 	2380 	2377
f 2404 	2377 	2405
f 2337 	2426 	2427
f 2337 	2427 	2474
f 2469 	2337 	2474
f 2351 	2428 	2355
f 2350 	2428 	2351
f 2392 	2428 	2350
f 2394 	2428 	2392
f 2359 	2355 	2428
f 2353 	2428 	2394
f 2396 	2428 	2353
f 2397 	2428 	2396
f 2415 	2428 	2397
f 2371 	2359 	2428
f 2443 	2444 	2428
f 2396 	2353 	2349
f 2396 	2349 	2425
f 2430 	2420 	2414
f 2430 	2432 	2422
f 2430 	2422 	2420
f 2431 	2433 	2338
f 2434 	2438 	2338
f 2433 	2434 	2338
f 2392 	2350 	2345
f 2355 	2385 	2351
f 2345 	2351 	2385
f 2436 	2385 	2371
f 2437 	2385 	2436
f 2381 	2379 	2407
f 2381 	2407 	2406
f 2441 	2338 	2438
f 2419 	2385 	2439
f 2379 	2378 	2409
f 2379 	2409 	2407
f 2426 	2337 	2429
f 2446 	2429 	2337
f 2378 	2376 	2411
f 2378 	2411 	2409
f 2440 	2428 	2445
f 2437 	2428 	2440
f 2444 	2445 	2428
f 2436 	2428 	2437
f 2371 	2428 	2436
f 2376 	2374 	2399
f 2376 	2399 	2411
f 2438 	2384 	2441
f 2434 	2384 	2438
f 2433 	2384 	2434
f 2431 	2363 	2384
f 2363 	2364 	2384
f 2433 	2431 	2384
f 2374 	2372 	2400
f 2374 	2400 	2399
f 2354 	2352 	2400
f 2354 	2400 	2372
f 2452 	2428 	2451
f 2450 	2451 	2428
f 2452 	2456 	2428
f 2377 	2375 	2410
f 2377 	2410 	2405
f 2375 	2373 	2413
f 2375 	2413 	2410
f 2432 	2435 	2423
f 2432 	2423 	2422
f 2456 	2457 	2428
f 2457 	2458 	2428
f 2458 	2459 	2428
f 2460 	2428 	2459
f 2443 	2428 	2460
f 2435 	2461 	2424
f 2435 	2424 	2423
f 2419 	2413 	2385
f 2373 	2385 	2413
f 2428 	2462 	2450
f 2343 	2450 	2462
f 2342 	2450 	2343
f 2437 	2439 	2385
f 2461 	2380 	2404
f 2461 	2404 	2424
f 2414 	2420 	2429
f 2446 	2414 	2429
f 2447 	2414 	2446
f 2448 	2414 	2447
f 2453 	2414 	2448
f 2454 	2414 	2453
f 2455 	2414 	2454
f 2417 	2414 	2455
f 2426 	2429 	2420
f 2472 	2473 	2464
f 2337 	2466 	2465
f 2337 	2465 	2393
f 2384 	2345 	2385
f 2466 	2337 	2469
f 2393 	2363 	2337
f 2338 	2337 	2363
f 2471 	2464 	2470
f 2472 	2464 	2471
f 2468 	2470 	2464
f 2463 	2464 	2473
f 2403 	2419 	2346
f 2464 	2475 	2449
f 2344 	2449 	2475
f 2344 	2475 	2341
f 2339 	2478 	2340
f 2469 	2474 	2420
f 2474 	2427 	2420
f 2466 	2469 	2420
f 2427 	2426 	2420
f 2465 	2466 	2420
f 2422 	2403 	2420
f 2382 	2428 	2386
f 2401 	2386 	2428
f 2369 	2428 	2382
f 2366 	2428 	2369
f 2361 	2428 	2366
f 2357 	2428 	2361
f 2356 	2428 	2357
f 2462 	2428 	2356
f 2415 	2401 	2428
f 2358 	2362 	2360
f 2362 	2368 	2360
f 2449 	2360 	2368
f 2449 	2368 	2370
f 2449 	2370 	2383
f 2449 	2383 	2398
f 2449 	2398 	2402
f 2449 	2402 	2416
f 2395 	2340 	2478
f 2392 	2345 	2394
f 2353 	2394 	2345
f 2464 	2463 	2476
f 2464 	2476 	2475
f 2349 	2346 	2477
f 2477 	2346 	2479
f 2351 	2345 	2350
f 2479 	2346 	2481
f 2480 	2408 	2395
f 2480 	2395 	2478
f 2440 	2442 	2439
f 2440 	2439 	2437
f 2481 	2346 	2482
f 2483 	2412 	2408
f 2483 	2408 	2480
f 2445 	2484 	2442
f 2445 	2442 	2440
f 2452 	2451 	2476
f 2452 	2476 	2463
f 2483 	2486 	2414
f 2483 	2414 	2412
f 2444 	2487 	2484
f 2444 	2484 	2445
f 2451 	2450 	2475
f 2451 	2475 	2476
f 2486 	2430 	2414
f 2443 	2467 	2487
f 2443 	2487 	2444
f 2467 	2443 	2460
f 2467 	2460 	2468
f 2460 	2459 	2470
f 2460 	2470 	2468
f 2459 	2458 	2471
f 2459 	2471 	2470
f 2457 	2472 	2471
f 2457 	2471 	2458
f 2456 	2473 	2472
f 2456 	2472 	2457
f 2340 	2417 	2455
f 2340 	2455 	2454
f 2453 	2337 	2454
f 2448 	2337 	2453
f 2447 	2446 	2337
f 2448 	2447 	2337
f 2340 	2454 	2337
f 2456 	2452 	2473
f 2463 	2473 	2452
f 2449 	2416 	2421
f 2449 	2421 	2425
f 2449 	2425 	2349
f 2449 	2349 	2477
f 2449 	2477 	2479
f 2449 	2479 	2481
f 2449 	2481 	2482
f 2449 	2482 	2485
f 2449 	2485 	2488
f 2449 	2488 	2489
f 2490 	2464 	2489
f 2449 	2489 	2464
f 2475 	2342 	2341
f 2417 	2340 	2418
f 2395 	2387 	2340
f 2418 	2340 	2390
f 2419 	2490 	2489
f 2489 	2488 	2419
f 2485 	2482 	2419
f 2346 	2419 	2482
f 2488 	2485 	2419
f 2342 	2475 	2450
f 2419 	2439 	2490
f 2344 	2343 	2462
f 2344 	2462 	2449
f 2490 	2439 	2464
f 2439 	2442 	2464
f 2442 	2484 	2464
f 2484 	2487 	2464
f 2487 	2467 	2464
f 2467 	2468 	2464
f 2449 	2462 	2356
f 2449 	2356 	2360
f 2338 	2500 	2501
f 2501 	2502 	2338
f 2492 	2339 	2491
f 2338 	2502 	2339
f 2493 	2494 	2339
f 2339 	2492 	2493
f 2494 	2495 	2339
f 2478 	2339 	2495
f 2496 	2430 	2486
f 2496 	2486 	2483
f 2496 	2483 	2480
f 2496 	2480 	2478
f 2496 	2478 	2495
f 2496 	2495 	2494
f 2496 	2494 	2493
f 2496 	2493 	2492
f 2432 	2430 	2441
f 2496 	2441 	2430
f 2435 	2432 	2441
f 2375 	2377 	2441
f 2377 	2380 	2441
f 2441 	2496 	2338
f 2496 	2497 	2338
f 2497 	2498 	2338
f 2498 	2499 	2338
f 2500 	2338 	2499
f 2491 	2339 	2502
f 2501 	2500 	2502
f 2500 	2499 	2502
f 2491 	2502 	2499
f 2492 	2491 	2499
f 2492 	2499 	2498
f 2496 	2492 	2497
f 2441 	2384 	2375
f 2498 	2497 	2492
f 2363 	2431 	2338
# 328 faces

 #end of obj_7

o obj_8
v 133 		24.858 		19
v 131.4 		24.858 		19
v 131.7426 		24.858 		21
v 133 		24.858 		21
v 131.7426 		24.858 		23
v 133 		24.858 		23
v 131.7426 		24.858 		25
v 133 		24.858 		25
v 131.4 		24.858 		27.545
v 131.4 		4.858 		19
v 133 		4.858 		19
v 131.7426 		4.858 		21
v 133 		4.858 		21
v 131.7426 		4.858 		23
v 133 		4.858 		23
v 131.7426 		4.858 		25
v 131.4 		4.858 		27.545
v 133 		4.858 		25
# 18 vertices

g group_8_4634441

usemtl color_4634441
s 0

f 2503 	2504 	2505
f 2504 	2507 	2505
f 2506 	2505 	2507
f 2504 	2511 	2507
f 2508 	2507 	2509
f 2509 	2507 	2511
f 2510 	2509 	2511
f 2512 	2513 	2514
f 2515 	2516 	2514
f 2512 	2514 	2516
f 2512 	2516 	2519
f 2517 	2518 	2516
f 2519 	2516 	2518
f 2519 	2518 	2520
f 2504 	2519 	2511
f 2509 	2518 	2517
f 2509 	2517 	2508
f 2515 	2514 	2505
f 2515 	2505 	2506
f 2517 	2516 	2507
f 2517 	2507 	2508
f 2520 	2518 	2509
f 2520 	2509 	2510
f 2511 	2519 	2520
f 2511 	2520 	2510
f 2519 	2504 	2512
f 2507 	2516 	2515
f 2507 	2515 	2506
f 2505 	2514 	2513
f 2505 	2513 	2503
f 2513 	2512 	2504
f 2513 	2504 	2503
# 32 faces

 #end of obj_8

o obj_9
v 3.454 		3 		27.56
v 2.246 		3.661 		26.444
v 2.662 		3 		25.479
v 2.8434 		25 		7
v 2.173 		4.108 		26.613
v 3.223 		3.306 		28.45
v 2.08 		3 		22.912
v 4 		26.7 		5.8636
v 4 		26.694 		5.8489
v 1.745 		3 		20.02
v 10.4 		2 		30.55
v 10.4 		2 		27.391
v 2.36 		3.306 		26.18
v 22.539 		23 		9.391
v 22.064 		23 		8.85
v 1.677 		3 		16.986
v 20.998 		2 		4.45
v 20.998 		2 		4.661
v 20.974 		2 		4.782
v 23.08 		23 		9.865
v 20.927 		2 		5.5
v 20.974 		2 		6.218
v 23.678 		23 		10.265
v 21.114 		2 		6.924
v 3.653 		26.339 		5.792
v 2.0478 		3 		13
v 2 		3 		13
v 21.346 		2 		7.606
v 94.846 		7 		7.606
v 94.614 		7 		6.924
v 94.474 		7 		6.218
v 94.427 		7 		5.5
v 94.474 		7 		4.782
v 94.498 		7 		4.661
v 1.88 		3 		13.999
v 125.6 		2.65 		31.806
v 125.6 		2.174 		31.275
v 128.371 		2.325 		31.275
v 21.664 		2 		8.251
v 4 		26.6019 		5.7343
v 22.064 		2 		8.85
v 22.539 		2 		9.391
v 127.2 		2.737 		31.806
v 23.08 		2 		9.865
v 130.4 		2.737 		31.275
v 128.371 		2.975 		31.806
v 4 		26.339 		5.4071
v 23.678 		2 		10.265
v 24.324 		23 		10.584
v 94.498 		2 		4.661
v 94.474 		2 		4.782
v 24.324 		2 		10.584
v 94.498 		2 		4.45
v 31.513 		2 		7.606
v 31.744 		2 		6.924
v 94.427 		2 		5.5
v 31.3187 		23 		8
v 31.885 		2 		6.218
v 94.498 		7 		3
v 31.932 		2 		5.5
v 94.498 		2.174 		3.725
v 128.8 		3.3 		31.806
v 94.498 		2.65 		3.194
v 94.498 		3.3 		3
v 31.8995 		2 		5.003
v 94.474 		2 		6.218
v 25.005 		2 		10.815
v 94.614 		2 		6.924
v 4 		26.7 		30.55
v 25.711 		2 		10.955
v 125.6 		2 		30.55
v 25.005 		23 		10.815
v 25.711 		23 		10.955
v 26.429 		23 		11.003
v 26.429 		2 		11.003
v 27.148 		23 		10.955
v 27.854 		23 		10.815
v 28.535 		23 		10.584
v 29.181 		23 		10.265
v 29.779 		23 		9.865
v 128.8 		2.174 		30.55
v 30.32 		23 		9.391
v 30.795 		23 		8.85
v 31.195 		23 		8.251
v 27.148 		2 		10.955
v 27.854 		2 		10.815
v 28.535 		2 		10.584
v 29.181 		2 		10.265
v 29.779 		2 		9.865
v 30.32 		2 		9.391
v 30.795 		2 		8.85
v 94.846 		2 		7.606
v 31.195 		2 		8.251
v 3.332 		3.078 		28.028
v 4.0443 		25.397 		30.5875
v 97.824 		7 		10.584
v 97.178 		7 		10.265
v 96.58 		7 		9.865
v 96.039 		7 		9.391
v 95.564 		7 		8.85
v 95.164 		7 		8.251
v 95.164 		2 		8.251
v 95.564 		2 		8.85
v 32.002 		2 		5.003
v 2.503 		3.078 		25.847
v 96.039 		2 		9.391
v 32.002 		2 		4.45
v 96.58 		2 		9.865
v 120.003 		2.203 		27.391
v 120.003 		2 		27.391
v 97.178 		2 		10.265
v 97.824 		2 		10.584
v 4.3955 		27 		29.0104
v 10.4 		2 		14.998
v 128.8 		27.826 		4.45
v 10.4 		2 		4.45
v 94.498 		23 		4.661
v 94.474 		23 		4.782
v 125.6 		28 		4.45
v 94.427 		23 		5.5
v 94.474 		23 		6.218
v 94.614 		23 		6.924
v 94.846 		23 		7.606
v 130.4 		27.263 		3.725
v 4.3945 		26.9992 		29.0153
v 125.6 		26.7 		3
v 4.2927 		26.922 		29.5061
v 125.6 		3.3 		3
v 4.2791 		26.9117 		29.5119
v 128.371 		27.675 		3.725
v 3.607 		25.892 		5.559
v 105.503 		23 		3
v 105.503 		7 		3
v 105.503 		3.3 		3
v 4 		26.7 		29.6299
v 105.503 		26.7 		3
v 94.498 		23 		3
v 4 		25 		4.45
v 2 		3 		7
v 4 		26.1995 		5.3189
v 4 		25.892 		5.1236
v 95.164 		23 		8.251
v 95.564 		23 		8.85
v 96.039 		23 		9.391
v 96.58 		23 		9.865
v 97.178 		23 		10.265
v 97.824 		23 		10.584
v 3.591 		25.397 		5.479
v 94.498 		26.7 		3
v 4 		25.7228 		5.0901
v 4 		25.397 		5.0258
v 2.662 		27 		25.479
v 3.454 		27 		27.56
v 94.474 		28 		4.782
v 3.591 		25 		5.479
v 94.498 		28 		4.661
v 20.998 		7 		3
v 2.08 		27 		22.912
v 94.498 		28 		4.45
v 20.998 		3.3 		3
v 4 		25 		5.0258
v 94.427 		28 		5.5
v 1.745 		27 		20.02
v 2 		25 		4
v 94.498 		27.35 		3.194
v 94.498 		27.826 		3.725
v 1.677 		27 		16.986
v 94.474 		28 		6.218
v 2 		27 		13
v 2.0478 		27 		13
v 94.614 		28 		6.924
v 1.88 		27 		13.999
v 94.846 		28 		7.606
v 20.998 		23 		3
v 95.164 		28 		8.251
v 95.564 		28 		8.85
v 20.998 		26.7 		3
v 96.039 		28 		9.391
v 32.002 		23 		3
v 32.002 		7 		3
v 2 		27 		7
v 96.58 		28 		9.865
v 32.002 		3.3 		3
v 32.002 		26.7 		3
v 97.178 		28 		10.265
v 97.824 		28 		10.584
v 10.4 		3.3 		32
v 8.8 		2.737 		31.806
v 10.4 		2.65 		31.806
v 8.575 		23 		3
v 10.4 		23 		3
v 10.4 		26.7 		3
v 4 		26.694 		29.6454
v 1.245 		4.603 		13.421
v 3.136 		26.339 		28.785
v 10.4 		2.174 		31.275
v 10.4 		7 		3
v 8.575 		7 		3
v 4 		26.339 		30.1149
v 125.6 		27.826 		3.725
v 4 		26.6116 		29.7542
v 10.4 		3.3 		3
v 1.276 		4.108 		13.449
v 132 		26.7 		30.55
v 132 		3.3 		30.55
v 132 		3.3 		4.45
v 132 		26.7 		4.45
v 120.003 		28 		27.391
v 3.08 		25.892 		29
v 125.6 		28 		30.55
v 4 		26.2572 		30.17
v 128.8 		26.7 		3.194
v 120.003 		28 		14.998
v 1.476 		4.603 		23.708
v 4 		25.892 		30.4158
v 1.505 		4.108 		23.669
v 128.371 		27.025 		3.194
v 1.366 		3.661 		13.532
v 105.013 		28 		7.606
v 105.244 		28 		6.924
v 105.385 		28 		6.218
v 105.432 		28 		5.5
v 127.2 		27.263 		3.194
v 105.3995 		28 		5.003
v 3.061 		25.397 		29.074
v 4 		25.397 		30.5193
v 4 		25.8157 		30.4317
v 98.505 		28 		10.815
v 99.211 		28 		10.955
v 125.6 		27.35 		3.194
v 1.507 		3.306 		13.659
v 1.591 		3.661 		23.556
v 99.929 		28 		11.003
v 100.648 		28 		10.955
v 101.354 		28 		10.815
v 102.035 		28 		10.584
v 1.684 		3.078 		13.821
v 102.681 		28 		10.265
v 3.332 		26.922 		28.028
v 1.725 		3.306 		23.38
v 103.279 		28 		9.865
v 103.82 		28 		9.391
v 104.295 		28 		8.85
v 104.695 		28 		8.251
v 2.503 		26.922 		25.847
v 1.894 		3.078 		23.158
v 120.003 		27.998 		14.998
v 2 		3.0165 		13
v 2 		3.0405 		12.5853
v 105.503 		28 		5.003
v 125.6 		2 		4.45
v 128.8 		2.174 		4.45
v 125.6 		2.174 		3.725
v 105.503 		28 		4.45
v 3.223 		26.694 		28.45
v 21.5403 		25 		8
v 1.778 		4.603 		10.246
v 128.371 		2.325 		3.725
v 2.36 		26.694 		26.18
v 2 		4.603 		9.4947
v 1.806 		4.108 		10.295
v 2.246 		26.339 		26.444
v 130.4 		2.737 		3.725
v 2 		4.108 		9.6387
v 2 		4.4693 		9.5338
v 2.173 		25.892 		26.613
v 125.6 		2.65 		3.194
v 127.2 		2.737 		3.194
v 71.003 		28 		28.003
v 71.003 		28 		4.609
v 2.147 		25.397 		26.671
v 72.998 		28 		27.391
v 1.886 		3.661 		10.437
v 128.371 		2.975 		3.194
v 72.998 		28 		4.45
v 72.998 		28 		14.998
v 128.8 		3.3 		3.194
v 59.003 		28 		27.391
v 2 		3.661 		10.0514
v 59.003 		28 		14.998
v 2 		4.007 		9.732
v 59.003 		28 		4.45
v 60.998 		28 		28.003
v 60.998 		28 		4.609
v 17.003 		28 		28.003
v 18.998 		28 		27.391
v 120.003 		2.203 		14.998
v 120.003 		2 		14.998
v 10.4 		28 		28.003
v 10.4 		28 		30.55
v 20.974 		28 		4.782
v 20.998 		28 		4.661
v 20.998 		28 		4.45
v 1.894 		26.922 		23.158
v 20.927 		28 		5.5
v 20.974 		28 		6.218
v 21.114 		28 		6.924
v 21.346 		28 		7.606
v 1.725 		26.694 		23.38
v 21.664 		28 		8.251
v 22.064 		28 		8.85
v 22.539 		28 		9.391
v 7.2 		3.3 		31.806
v 7.629 		2.975 		31.806
v 23.08 		28 		9.865
v 23.678 		28 		10.265
v 24.324 		28 		10.584
v 5.6 		2.737 		31.275
v 31.513 		28 		7.606
v 31.744 		28 		6.924
v 1.591 		26.339 		23.556
v 31.885 		28 		6.218
v 31.932 		28 		5.5
v 4.857 		3.3 		31.275
v 31.8995 		28 		5.003
v 7.629 		2.325 		31.275
v 25.005 		28 		10.815
v 25.711 		28 		10.955
v 26.429 		28 		11.003
v 1.089 		4.603 		20.371
v 1.01 		4.603 		16.868
v 27.148 		28 		10.955
v 27.854 		28 		10.815
v 5.373 		4.603 		31.637
v 6.4543 		4.603 		31.637
v 1.121 		4.108 		20.354
v 28.535 		28 		10.584
v 1.505 		25.892 		23.669
v 4.8754 		4.603 		31.2792
v 29.181 		28 		10.265
v 29.779 		28 		9.865
v 5.377 		4.108 		31.546
v 6.0528 		4.108 		31.546
v 30.32 		28 		9.391
v 4.9434 		4.4261 		31.2946
v 1.043 		4.108 		16.874
v 30.795 		28 		8.85
v 5.0659 		4.108 		31.3223
v 31.195 		28 		8.251
v 5.3839 		3.8504 		31.3944
v 1.476 		25.397 		23.708
v 32.002 		28 		5.003
v 32.002 		28 		4.45
v 17.003 		28 		4.609
v 20.998 		25 		4.661
v 20.974 		25 		4.782
v 20.927 		25 		5.5
v 20.974 		25 		6.218
v 21.114 		25 		6.924
v 21.346 		25 		7.606
v 18.998 		28 		14.998
v 18.998 		28 		4.45
v 10.4 		28 		4.45
v 10.4 		28 		4.609
v 1.542 		26.922 		20.129
v 125.6 		26.7 		32
v 20.998 		25 		4
v 105.503 		2 		4.45
v 105.503 		2.174 		3.725
v 125.6 		3.3 		32
v 105.503 		27.826 		3.725
v 20.998 		27.35 		3.194
v 20.998 		27.826 		3.725
v 1.359 		26.694 		20.226
v 105.503 		2.65 		3.194
v 105.503 		27.35 		3.194
v 1.214 		26.339 		20.304
v 105.432 		7 		5.5
v 105.385 		7 		6.218
v 105.244 		7 		6.924
v 105.013 		7 		7.606
v 105.3995 		7 		5.003
v 105.013 		2 		7.606
v 10.4 		26.7 		32
v 105.244 		2 		6.924
v 1.121 		25.892 		20.354
v 105.385 		2 		6.218
v 105.432 		2 		5.5
v 131.143 		3.3 		31.275
v 105.3995 		2 		5.003
v 131.143 		26.7 		31.275
v 31.3187 		25 		8
v 131.143 		2.65 		30.55
v 1.089 		25.397 		20.371
v 31.513 		25 		7.606
v 31.744 		25 		6.924
v 31.885 		25 		6.218
v 31.932 		25 		5.5
v 31.8995 		25 		5.003
v 104.695 		7 		8.251
v 104.295 		7 		8.85
v 103.82 		7 		9.391
v 103.279 		7 		9.865
v 102.681 		7 		10.265
v 102.035 		7 		10.584
v 101.354 		7 		10.815
v 100.648 		7 		10.955
v 99.929 		7 		11.003
v 99.211 		7 		10.955
v 98.505 		7 		10.815
v 98.505 		2 		10.815
v 131.143 		27.35 		30.55
v 99.211 		2 		10.955
v 1.471 		26.922 		16.95
v 99.929 		2 		11.003
v 100.648 		2 		10.955
v 101.354 		2 		10.815
v 102.035 		2 		10.584
v 102.681 		2 		10.265
v 131.143 		2.65 		4.45
v 103.279 		2 		9.865
v 1.285 		26.694 		16.917
v 131.143 		27.35 		4.45
v 103.82 		2 		9.391
v 104.295 		2 		8.85
v 131.143 		3.3 		3.725
v 104.695 		2 		8.251
v 131.143 		26.7 		3.725
v 105.013 		23 		7.606
v 105.244 		23 		6.924
v 105.385 		23 		6.218
v 105.432 		23 		5.5
v 105.3995 		23 		5.003
v 71.003 		27.998 		28.003
v 71.003 		27.998 		4.609
v 71.003 		2 		14.998
v 72.998 		27.998 		27.391
v 128.8 		26.7 		31.806
v 32.002 		23 		4
v 32.002 		25 		4
v 72.998 		27.998 		14.998
v 128.371 		27.025 		31.806
v 32.002 		25 		5.003
v 127.2 		27.263 		31.806
v 125.6 		27.35 		31.806
v 32.002 		5 		4
v 32.002 		7 		4
v 32.002 		5 		5.003
v 98.505 		23 		10.815
v 99.211 		23 		10.955
v 99.929 		23 		11.003
v 100.648 		23 		10.955
v 101.354 		23 		10.815
v 102.035 		23 		10.584
v 102.681 		23 		10.265
v 103.279 		23 		9.865
v 103.82 		23 		9.391
v 104.295 		23 		8.85
v 130.4 		27.263 		31.275
v 104.695 		23 		8.251
v 128.371 		27.675 		31.275
v 125.6 		27.826 		31.275
v 32.002 		2.174 		3.725
v 1.137 		26.339 		16.891
v 128.8 		27.826 		30.55
v 1.043 		25.892 		16.874
v 1.01 		25.397 		16.868
v 120.003 		27.998 		27.391
v 5.1657 		4.0273 		31.345
v 2 		3.3121 		10.708
v 2 		3.3372 		10.6395
v 2 		3.306 		10.7245
v 2 		3.615 		10.1348
v 2 		3.1359 		11.6296
v 2 		3.078 		11.9387
v 2 		5 		4
v 2 		5 		7
v 4.857 		2.65 		30.55
v 105.503 		23 		5.003
v 4 		3.3 		30.55
v 105.503 		7 		5.003
v 7.2 		2.174 		30.55
v 3.591 		5 		5.479
v 2.8434 		5 		7
v 4 		5 		4.45
v 2.8434 		4.603 		7
v 105.503 		2 		5.003
v 3.591 		4.603 		5.479
v 4 		5 		5.0258
v 4 		4.603 		5.0258
v 2.8585 		4.4677 		7
v 3.607 		4.108 		5.559
v 2.8992 		4.108 		7
v 4 		4.4306 		5.0599
v 4 		4.108 		5.1236
v 3.061 		4.603 		29.074
v 4 		4.603 		30.5193
v 4.159 		4.603 		30.764
v 4.7856 		4.603 		31.2146
v 3.08 		4.108 		29
v 4.169 		4.1895 		30.693
v 4 		4.5301 		30.5041
v 4 		4.108 		30.4158
v 4.0443 		4.603 		30.5875
v 4.0582 		4.5568 		30.5993
v 2.9529 		3.9582 		7
v 3.0592 		3.661 		7
v 3.653 		3.661 		5.792
v 3.136 		3.661 		28.785
v 4 		3.661 		30.1149
v 4 		4.0341 		30.3661
v 32.002 		27.826 		3.725
v 4 		3.9593 		5.2176
v 4 		3.661 		5.4071
v 3.1807 		3.4881 		7
v 3.724 		3.306 		6.155
v 4 		3.5866 		30.0166
v 3.3087 		3.306 		7
v 4 		3.306 		29.6454
v 4 		3.5559 		5.538
v 4 		3.306 		5.8489
v 4 		3.3 		29.6299
v 3.5415 		3.1373 		7
v 3.6231 		3.078 		7
v 3.814 		3.078 		6.612
v 2.147 		4.603 		26.671
v 4 		3.3 		5.8636
v 59.003 		27.998 		27.391
v 3.8899 		3.0182 		7
v 59.003 		27.998 		14.998
v 1.214 		3.661 		20.304
v 1.137 		3.661 		16.891
v 60.998 		27.998 		28.003
v 60.998 		27.998 		4.609
v 1.359 		3.306 		20.226
v 1.285 		3.306 		16.917
v 1.542 		3.078 		20.129
v 1.471 		3.078 		16.95
v 32.002 		27.35 		3.194
v 4 		26.7 		4.45
v 32.002 		2.65 		3.194
v 17.003 		27.998 		28.003
v 1.684 		26.922 		13.821
v 18.998 		27.998 		27.391
v 17.003 		27.998 		4.609
v 2 		26.9675 		12.7236
v 2 		26.9835 		13
v 1.507 		26.694 		13.659
v 10.4 		27.35 		31.806
v 8.8 		27.263 		31.806
v 10.4 		27.826 		31.275
v 1.366 		26.339 		13.532
v 4 		3.3 		4.45
v 1.276 		25.892 		13.449
v 10.3632 		27.998 		28.003
v 7.629 		27.025 		31.806
v 1.245 		25.397 		13.421
v 7.2 		26.7 		31.806
v 7.629 		27.675 		31.275
v 5.6 		27.263 		31.275
v 4.857 		26.7 		31.275
v 6.4543 		25.397 		31.637
v 5.373 		25.397 		31.637
v 4.3955 		3 		29.0104
v 5.3839 		26.1496 		31.3944
v 5.377 		25.892 		31.546
v 6.0528 		25.892 		31.546
v 5.0659 		25.892 		31.3223
v 4.2927 		3.078 		29.5061
v 5.0083 		25.7422 		31.3093
v 4.8754 		25.397 		31.2792
v 4.2965 		3.0751 		29.4877
v 4.0578 		3.2561 		29.6055
v 7.2 		27.826 		30.55
v 2 		26.922 		11.9387
v 4.857 		27.35 		30.55
v 2 		26.694 		10.7245
v 2 		26.7017 		10.7654
v 18.998 		27.998 		14.998
v 10.3632 		27.998 		4.609
v 10.4 		27.826 		3.725
v 10.4 		27.35 		3.194
v 8.8 		27.263 		3.194
v 8.575 		23 		3.1106
v 7.2 		27.826 		4.45
v 4.857 		27.35 		4.45
v 4.3955 		27 		6.5834
v 4.0195 		27 		7
v 4.3488 		26.9645 		6.3543
v 4.2927 		26.922 		6.0808
v 4.183 		26.8388 		5.9996
v 2 		26.6628 		10.6395
v 1.886 		26.339 		10.437
v 2 		26.339 		10.0514
v 1.806 		25.892 		10.295
v 7.0573 		2.203 		27.391
v 7.2 		2.174 		27.391
v 2 		26.2676 		9.9855
v 2 		25.892 		9.6387
v 7.629 		27.675 		3.725
v 5.6 		27.263 		3.725
v 1.778 		25.397 		10.246
v 4.857 		26.7 		3.725
v 2 		25.7674 		9.6023
v 4.5319 		25 		4
v 2 		25.397 		9.4947
v 20.998 		2.174 		3.725
v 7.629 		27.025 		3.194
v 3.8899 		26.9818 		7
v 3.6822 		26.9352 		7
v 3.6231 		26.922 		7
v 7.2 		26.7 		3.194
v 3.814 		26.922 		6.612
v 20.998 		2.65 		3.194
v 3.9803 		26.9945 		7
v 3.4225 		26.7767 		7
v 3.724 		26.694 		6.155
v 7.2 		2.174 		14.998
v 7.0573 		2.203 		14.998
v 3.3087 		26.694 		7
v 10.4 		2.174 		3.725
v 2 		25 		7
v 8.8 		2.737 		3.194
v 21.5403 		5 		8
v 21.5403 		7 		8
v 10.4 		2.65 		3.194
v 21.346 		5 		7.606
v 21.114 		5 		6.924
v 20.974 		5 		6.218
v 20.927 		5 		5.5
v 20.974 		5 		4.782
v 20.998 		5 		4.661
v 3.1896 		26.5245 		7
v 3.0592 		26.339 		7
v 4.159 		25.397 		30.764
v 4.7856 		25.397 		31.2146
v 4.5488 		25.5554 		31.0142
v 8.575 		7 		3.1106
v 4.3955 		3 		6.5834
v 20.998 		5 		4
v 20.998 		7 		4
v 4.0195 		3 		7
v 4.169 		25.8105 		30.693
v 4.3416 		3.0409 		6.3204
v 4.2927 		3.078 		6.0808
v 3.0018 		26.1792 		7
v 4.0873 		3.2338 		5.9282
v 23.08 		7 		9.865
v 22.539 		7 		9.391
v 22.064 		7 		8.85
v 21.664 		7 		8.251
v 2.8992 		25.892 		7
v 24.324 		7 		10.584
v 23.678 		7 		10.265
v 4.857 		2.65 		4.45
v 2.8833 		25.7505 		7
v 2.8434 		25.397 		7
v 31.3187 		5 		8
v 31.3187 		7 		8
v 31.8995 		5 		5.003
v 31.932 		5 		5.5
v 31.885 		5 		6.218
v 31.744 		5 		6.924
v 31.513 		5 		7.606
v 7.2 		2.174 		4.45
v 4.857 		3.3 		3.725
v 5.6 		2.737 		3.725
v 31.195 		7 		8.251
v 30.795 		7 		8.85
v 30.32 		7 		9.391
v 29.779 		7 		9.865
v 29.181 		7 		10.265
v 28.535 		7 		10.584
v 27.854 		7 		10.815
v 27.148 		7 		10.955
v 26.429 		7 		11.003
v 25.711 		7 		10.955
v 25.005 		7 		10.815
v 7.629 		2.325 		3.725
v 4.5319 		5 		4
v 7.2 		3.3 		3.194
v 7.629 		2.975 		3.194
v 21.5403 		23 		8
v 20.998 		23 		4
v 21.664 		23 		8.251
# 675 vertices

g group_9_15277357

usemtl color_15277357
s 0

f 2527 	3074 	2523
f 2530 	3074 	2527
f 2539 	2636 	2538
f 2541 	2636 	2539
f 2614 	3083 	2526
f 2556 	2557 	2558
f 2544 	2548 	2634
f 2546 	3074 	2555
f 2561 	2634 	2559
f 2548 	2559 	2634
f 2556 	2558 	2563
f 2562 	2634 	2561
f 2560 	2567 	2545
f 2563 	2565 	2566
f 2551 	2552 	2910
f 2553 	2890 	2552
f 2554 	2890 	2553
f 2579 	2653 	2554
f 2550 	2551 	2910
f 2564 	2634 	2562
f 2570 	2554 	2553
f 2570 	2553 	2571
f 2568 	2634 	2564
f 2558 	2565 	2563
f 2899 	2566 	2565
f 2570 	2573 	2554
f 2571 	2553 	2552
f 2571 	2552 	2576
f 2578 	2946 	2575
f 2584 	2554 	2583
f 2581 	2583 	2554
f 2579 	2554 	2584
f 2573 	2581 	2554
f 2552 	2551 	2586
f 2576 	2552 	2586
f 2551 	2550 	2588
f 2551 	2588 	2586
f 2590 	2595 	2634
f 2557 	2601 	2558
f 2533 	3019 	2522
f 2591 	2601 	2557
f 2760 	2533 	2522
f 2609 	2946 	2608
f 2533 	2625 	2526
f 2611 	2946 	2610
f 2550 	2549 	2612
f 2550 	2612 	2588
f 2752 	2760 	2522
f 2615 	3153 	2589
f 2946 	2611 	2613
f 2946 	2613 	2574
f 2575 	2946 	2574
f 2618 	2910 	2617
f 2619 	2910 	2618
f 2620 	2910 	2619
f 2621 	2910 	2620
f 2549 	2910 	2621
f 2568 	2572 	2634
f 2587 	2590 	2634
f 2595 	2605 	2634
f 2946 	2634 	2605
f 2946 	2605 	2606
f 2946 	2606 	2607
f 2607 	2608 	2946
f 2610 	2946 	2609
f 2622 	2612 	2621
f 2549 	2621 	2612
f 3029 	2526 	3032
f 2771 	2772 	2601
f 2591 	2771 	2601
f 2621 	2620 	2623
f 2621 	2623 	2622
f 2580 	2946 	2578
f 2585 	2624 	2580
f 2624 	2946 	2580
f 2526 	2625 	2614
f 2620 	2619 	2626
f 2620 	2626 	2623
f 2619 	2618 	2628
f 2619 	2628 	2626
f 2541 	2542 	2636
f 2618 	2617 	2631
f 2618 	2631 	2628
f 2617 	2616 	2632
f 2617 	2632 	2631
f 2537 	2538 	2636
f 2542 	2544 	2636
f 2634 	2636 	2544
f 2587 	2634 	2572
f 2630 	2629 	2808
f 2730 	2635 	2639
f 2641 	2943 	2640
f 2638 	2640 	2943
f 2642 	2943 	2641
f 2643 	2943 	2642
f 2637 	2638 	2943
f 2638 	2637 	2676
f 2654 	2653 	2648
f 2657 	2669 	2637
f 3082 	2614 	2521
f 2594 	2596 	2593
f 2596 	2597 	2593
f 2597 	2598 	2593
f 2598 	2599 	2593
f 2599 	2600 	2593
f 2592 	2593 	2600
f 2604 	3193 	2603
f 2577 	3193 	2604
f 2602 	2540 	2600
f 2646 	2648 	2652
f 2545 	2651 	3156
f 2547 	2659 	2546
f 2653 	2652 	2648
f 2656 	2646 	2652
f 2651 	3162 	3156
f 2673 	2759 	2633
f 2759 	2647 	2645
f 2660 	2661 	2651
f 2660 	2651 	2545
f 3096 	3097 	3086
f 2688 	2641 	2640
f 2642 	2641 	2688
f 2647 	2649 	3086
f 2584 	2700 	2579
f 2693 	2643 	2642
f 2653 	2579 	2652
f 2633 	2645 	3086
f 2645 	2647 	3086
f 2652 	2579 	2657
f 2567 	2660 	2545
f 2579 	2700 	2657
f 2664 	2970 	2663
f 2665 	2970 	2664
f 2662 	2663 	2970
f 2666 	2970 	2665
f 2667 	2970 	2666
f 2959 	2970 	2667
f 2643 	2693 	2662
f 2663 	2662 	2695
f 3074 	2546 	3152
f 2668 	3166 	2651
f 2703 	2700 	2584
f 2705 	2666 	2665
f 2704 	2669 	2699
f 2661 	2670 	2651
f 2667 	2666 	2705
f 2700 	2699 	2657
f 2667 	2706 	2959
f 2670 	2671 	2668
f 2670 	2668 	2651
f 2672 	2673 	2633
f 2674 	2638 	2676
f 3095 	3096 	3086
f 2668 	2675 	2524
f 2676 	2637 	2679
f 2678 	2672 	2633
f 2675 	2681 	2684
f 2640 	2638 	2674
f 2640 	2674 	2682
f 2671 	2681 	2675
f 2671 	2675 	2668
f 2678 	2633 	2683
f 2679 	2637 	2686
f 2686 	2637 	2685
f 2669 	2685 	2637
f 2683 	2633 	2687
f 2640 	2682 	2688
f 2691 	2642 	2688
f 2684 	2986 	2987
f 2700 	2677 	2694
f 2692 	2687 	2633
f 2690 	2692 	2633
f 2642 	2691 	2693
f 2694 	2677 	2717
f 2695 	2662 	2693
f 2696 	2663 	2695
f 2663 	2696 	2664
f 2698 	2664 	2696
f 2700 	2694 	2699
f 2689 	2690 	2701
f 2702 	2665 	2664
f 2702 	2664 	2698
f 2669 	2657 	2699
f 2690 	3098 	2701
f 2665 	2702 	2705
f 2589 	2990 	2615
f 2717 	2711 	2694
f 2706 	2667 	2705
f 2680 	2717 	2677
f 2684 	3115 	2986
f 2722 	2717 	2680
f 2697 	2694 	2712
f 2708 	2709 	2707
f 2647 	2759 	2649
f 2775 	2713 	2655
f 2775 	2655 	2649
f 2711 	2717 	2710
f 2718 	2710 	2717
f 2712 	2694 	2711
f 2614 	2625 	2523
f 2708 	2716 	2709
f 2523 	2521 	2614
f 2715 	2719 	2721
f 2635 	2720 	2639
f 2715 	2729 	2719
f 2650 	2720 	2635
f 2527 	2523 	2625
f 2724 	2725 	2727
f 2726 	2727 	2725
f 2721 	2713 	2715
f 2731 	2719 	2729
f 2733 	2728 	2730
f 2774 	2770 	2639
f 2730 	2639 	2733
f 2735 	2731 	2729
f 2740 	2739 	2733
f 2733 	2639 	2740
f 2743 	2650 	2644
f 2745 	2746 	2747
f 2743 	2644 	2737
f 2747 	2735 	2745
f 2745 	2735 	2729
f 2650 	2743 	2750
f 2749 	2748 	2796
f 2650 	2750 	2720
f 2736 	2752 	2525
f 2751 	2738 	2982
f 2980 	2982 	2738
f 2754 	2753 	2733
f 2750 	2886 	2720
f 2736 	3041 	2752
f 2646 	2732 	2648
f 2758 	2756 	2733
f 2645 	2633 	2759
f 2646 	2737 	2732
f 2547 	2769 	2659
f 2761 	2758 	2733
f 2646 	2743 	2737
f 2762 	2761 	2733
f 2982 	2984 	2751
f 2646 	2750 	2743
f 2646 	2656 	2886
f 2765 	2759 	2673
f 2984 	2985 	2751
f 2763 	2733 	2764
f 2739 	2764 	2733
f 2646 	2886 	2750
f 2766 	2625 	2533
f 2555 	3048 	2757
f 2779 	2775 	2759
f 2672 	2765 	2673
f 3048 	2555 	2536
f 2755 	2733 	2756
f 2755 	2754 	2733
f 2796 	2733 	2753
f 2753 	2749 	2796
f 2547 	2768 	2769
f 2546 	2768 	2547
f 2770 	2744 	2742
f 2741 	2740 	2639
f 2763 	2762 	2733
f 2555 	2757 	2768
f 2769 	2768 	2757
f 2768 	2546 	2555
f 2604 	2603 	2859
f 2742 	2741 	2639
f 2770 	2742 	2639
f 2775 	2649 	2759
f 2878 	2773 	2771
f 2674 	2676 	2795
f 2679 	2795 	2676
f 2771 	2773 	2778
f 2776 	3193 	2577
f 2779 	2759 	2765
f 2682 	2795 	2688
f 2795 	2796 	2688
f 2691 	2688 	2796
f 2760 	2766 	2533
f 2781 	2723 	2714
f 2693 	2691 	2796
f 2775 	2715 	2713
f 2771 	2778 	2772
f 2695 	2693 	2796
f 2779 	2782 	2775
f 2772 	2783 	2930
f 2777 	2781 	2714
f 2782 	2715 	2775
f 2772 	2778 	2783
f 2784 	2659 	2801
f 2987 	2659 	2780
f 2785 	2780 	2659
f 2698 	2796 	2702
f 2705 	2702 	2796
f 2781 	2777 	2784
f 2785 	2784 	2777
f 2786 	2729 	2715
f 2706 	2705 	2796
f 2796 	2748 	2706
f 2792 	2730 	2728
f 2782 	2786 	2715
f 2788 	2778 	2773
f 2784 	2801 	2781
f 2803 	2810 	2789
f 2780 	2785 	2777
f 2787 	2788 	2773
f 2778 	2788 	2794
f 2791 	2729 	2786
f 2723 	2781 	2793
f 2698 	2696 	2796
f 2696 	2695 	2796
f 2682 	2674 	2795
f 2778 	2794 	2783
f 2791 	2745 	2729
f 2730 	2792 	2789
f 2792 	2796 	2789
f 2790 	2789 	2796
f 2796 	2795 	2790
f 2802 	2790 	2795
f 2861 	2791 	2786
f 2723 	2793 	2738
f 2806 	2805 	2798
f 2783 	2794 	2797
f 2863 	2862 	2802
f 2801 	2659 	2799
f 2936 	2797 	2732
f 2730 	2789 	2810
f 2799 	2793 	2781
f 2801 	2799 	2781
f 2648 	2885 	2654
f 2790 	2802 	2804
f 2648 	2787 	2885
f 2648 	2788 	2787
f 2810 	2803 	2798
f 2800 	2798 	2803
f 2803 	2804 	2800
f 2802 	2800 	2804
f 2648 	2794 	2788
f 2809 	2810 	2805
f 2648 	2797 	2794
f 2648 	2732 	2797
f 2745 	3006 	2746
f 2810 	2798 	2805
f 2814 	2765 	2672
f 2813 	2872 	2812
f 2811 	2812 	2872
f 2629 	2807 	2808
f 2672 	2678 	2814
f 3107 	2532 	2531
f 2875 	2814 	2678
f 2817 	2816 	2864
f 3107 	3106 	2532
f 2819 	2765 	2814
f 2823 	2824 	2707
f 2821 	2820 	2871
f 2779 	2765 	2819
f 2824 	2708 	2707
f 2884 	2819 	2814
f 2826 	2871 	2827
f 2824 	2823 	2828
f 2830 	2829 	2800
f 2819 	2831 	2779
f 2832 	2830 	2800
f 2766 	2527 	2625
f 2823 	2834 	2828
f 2828 	2836 	2824
f 2779 	2831 	2782
f 2988 	2828 	2834
f 2819 	2887 	2831
f 2530 	2527 	2766
f 2838 	2837 	2871
f 2824 	2836 	2708
f 2836 	2716 	2708
f 2714 	2841 	2977
f 2846 	2736 	2734
f 2831 	2848 	2782
f 2840 	2846 	2734
f 2845 	2844 	2853
f 2852 	2853 	2844
f 2847 	2800 	2850
f 2855 	2844 	2849
f 2856 	2846 	2840
f 2848 	2786 	2782
f 2852 	2844 	2858
f 2855 	2858 	2844
f 2860 	2853 	2852
f 2829 	2859 	2800
f 2859 	2857 	2800
f 2857 	2854 	2800
f 2854 	2851 	2800
f 2851 	2850 	2800
f 2847 	2843 	2800
f 2842 	2800 	2843
f 2839 	2871 	2842
f 2800 	2842 	2871
f 2839 	2838 	2871
f 2837 	2827 	2871
f 2833 	2832 	2802
f 2835 	2833 	2862
f 2800 	2802 	2832
f 2848 	2861 	2786
f 2862 	2833 	2802
f 2848 	2896 	2904
f 2866 	2867 	2902
f 2867 	2868 	2902
f 2868 	2869 	2902
f 2870 	2902 	2869
f 2776 	2902 	2870
f 2848 	2904 	2861
f 2811 	2866 	2865
f 2811 	2865 	2812
f 2826 	2825 	2871
f 2825 	2822 	2871
f 2822 	2821 	2871
f 2872 	2864 	2816
f 2818 	2817 	2864
f 2815 	2872 	2816
f 2815 	2811 	2872
f 2864 	2871 	2818
f 2734 	2791 	2861
f 2873 	2864 	2872
f 2820 	2818 	2871
f 2864 	2805 	2871
f 2806 	2871 	2805
f 2904 	2840 	2861
f 2873 	2874 	2864
f 2678 	2683 	2875
f 2865 	2866 	2902
f 2812 	2865 	2813
f 2867 	2866 	2811
f 2815 	2867 	2811
f 2773 	2878 	2879
f 2875 	2884 	2814
f 2639 	2720 	2774
f 2881 	2774 	2720
f 2883 	2865 	2882
f 2882 	2865 	2697
f 2787 	2773 	2879
f 2877 	2697 	2865
f 2865 	2883 	2813
f 2787 	2879 	2885
f 2816 	2868 	2867
f 2816 	2867 	2815
f 2720 	2886 	2881
f 2817 	2869 	2868
f 2817 	2868 	2816
f 2818 	2870 	2869
f 2818 	2869 	2817
f 2892 	2554 	2653
f 2870 	2818 	2776
f 2820 	2776 	2818
f 2876 	2894 	2880
f 2884 	2887 	2819
f 3195 	2776 	2820
f 2821 	2535 	3195
f 2821 	3195 	2820
f 2891 	2552 	2890
f 2910 	2552 	2891
f 2549 	2550 	2910
f 2890 	2554 	2889
f 2888 	2554 	2892
f 2889 	2554 	2888
f 2707 	2880 	2894
f 2893 	2910 	2891
f 2822 	2534 	2535
f 2822 	2535 	2821
f 2893 	2891 	2890
f 2893 	2890 	2895
f 2534 	2822 	2540
f 2825 	2540 	2822
f 2896 	2848 	2831
f 2895 	2890 	2889
f 2895 	2889 	2897
f 2826 	2543 	2540
f 2826 	2540 	2825
f 2897 	2889 	2888
f 2897 	2888 	2898
f 2543 	2826 	2569
f 2827 	2569 	2826
f 2887 	2896 	2831
f 2892 	2900 	2888
f 2898 	2888 	2900
f 2837 	2592 	2827
f 2566 	2899 	2582
f 2976 	2896 	2887
f 2899 	2901 	2582
f 2558 	2601 	2903
f 2902 	2776 	2577
f 2892 	2991 	2900
f 2601 	2772 	2903
f 2903 	2565 	2558
f 2906 	2907 	2865
f 2907 	2908 	2865
f 2908 	2909 	2865
f 2877 	2865 	2909
f 2905 	2906 	2865
f 2902 	2905 	2865
f 2725 	2565 	2903
f 2577 	2604 	2902
f 2859 	2902 	2604
f 2905 	2902 	2829
f 2911 	2912 	2910
f 2910 	2912 	2913
f 2910 	2913 	2914
f 2910 	2914 	2915
f 2910 	2915 	2916
f 2910 	2916 	2917
f 2910 	2917 	2918
f 2910 	2918 	2919
f 2910 	2919 	2920
f 2616 	2617 	2910
f 2920 	2616 	2910
f 2565 	2725 	2899
f 2725 	2724 	2901
f 2725 	2901 	2899
f 2906 	2905 	2829
f 2906 	2829 	2830
f 2921 	2632 	2920
f 2616 	2920 	2632
f 2907 	2906 	2830
f 2907 	2830 	2832
f 2724 	2922 	2901
f 2920 	2919 	2923
f 2920 	2923 	2921
f 2924 	2875 	2683
f 2832 	2908 	2907
f 2833 	2908 	2832
f 2923 	2919 	2918
f 2923 	2918 	2925
f 2683 	2687 	2924
f 2835 	2909 	2908
f 2835 	2908 	2833
f 2903 	2772 	2930
f 2918 	2917 	2926
f 2925 	2918 	2926
f 2930 	2725 	2903
f 2917 	2916 	2927
f 2917 	2927 	2926
f 2916 	2915 	2928
f 2916 	2928 	2927
f 2915 	2914 	2929
f 2915 	2929 	2928
f 2725 	2930 	2726
f 2914 	2913 	2931
f 2914 	2931 	2929
f 2569 	2827 	2592
f 2924 	2932 	2875
f 2727 	2933 	2922
f 2727 	2922 	2724
f 2913 	2912 	2934
f 2913 	2934 	2931
f 2838 	2593 	2592
f 2838 	2592 	2837
f 2934 	2912 	2911
f 2934 	2911 	2935
f 2594 	2593 	2838
f 2839 	2594 	2838
f 2930 	2936 	2726
f 2875 	2932 	2884
f 2935 	2911 	2910
f 2935 	2910 	2937
f 2783 	2936 	2930
f 2594 	2839 	2596
f 2842 	2596 	2839
f 2936 	2938 	2727
f 2937 	2910 	2893
f 2727 	2726 	2936
f 2843 	2597 	2596
f 2843 	2596 	2842
f 2644 	2727 	2938
f 2597 	2843 	2598
f 2847 	2598 	2843
f 2657 	2637 	2652
f 2850 	2599 	2598
f 2850 	2598 	2847
f 2936 	2732 	2938
f 2599 	2850 	2600
f 2851 	2600 	2850
f 2938 	2737 	2644
f 2933 	2727 	2644
f 2854 	2602 	2600
f 2854 	2600 	2851
f 2643 	2939 	2940
f 2643 	2940 	2941
f 2643 	2941 	2942
f 2643 	2942 	2943
f 2989 	2652 	2943
f 2943 	2652 	2637
f 2789 	2944 	3043
f 2789 	3043 	2803
f 2602 	2854 	2603
f 2857 	2603 	2854
f 2933 	2644 	2650
f 2933 	2650 	2635
f 2603 	2857 	2859
f 2797 	2936 	2783
f 3043 	2944 	2945
f 2941 	2940 	2741
f 2829 	2902 	2859
f 3089 	2800 	2871
f 2741 	2742 	2941
f 2737 	2938 	2732
f 2807 	3129 	2946
f 2944 	2789 	2790
f 2944 	2790 	2945
f 2947 	2792 	2728
f 2948 	2876 	2880
f 2948 	2952 	2876
f 2909 	2953 	2950
f 2877 	2909 	2950
f 2952 	2954 	2876
f 2694 	2949 	2699
f 2954 	2955 	2876
f 2792 	2947 	2951
f 2792 	2951 	2796
f 2582 	2901 	2948
f 2862 	2953 	2909
f 2862 	2909 	2835
f 2961 	2962 	2960
f 2962 	2963 	2960
f 2963 	2964 	2960
f 2964 	2965 	2960
f 2965 	2966 	2960
f 2966 	2967 	2960
f 2967 	2968 	2960
f 2968 	2970 	2960
f 2959 	2960 	2970
f 2939 	2643 	2970
f 2643 	2662 	2970
f 2948 	2969 	2952
f 2901 	2969 	2948
f 2969 	2971 	2952
f 2880 	2707 	2556
f 2969 	2975 	2971
f 2952 	2971 	2954
f 2862 	2863 	2953
f 2954 	2972 	2955
f 2971 	2972 	2954
f 2973 	2627 	2958
f 2624 	2958 	2627
f 2901 	2922 	2969
f 2974 	2884 	2932
f 2884 	2974 	2887
f 2975 	2969 	2922
f 2970 	2739 	2939
f 2975 	2730 	2971
f 2635 	2975 	2922
f 2939 	2739 	2740
f 2939 	2740 	2940
f 2635 	2730 	2975
f 2940 	2740 	2741
f 2971 	2730 	2972
f 2942 	2941 	2742
f 2942 	2742 	2943
f 2744 	2943 	2742
f 2887 	2974 	2976
f 2770 	2989 	2744
f 2922 	2933 	2635
f 2748 	2959 	2706
f 2749 	2960 	2959
f 2749 	2959 	2748
f 2749 	2753 	2960
f 2961 	2960 	2753
f 2979 	2860 	2852
f 2961 	2753 	2962
f 2754 	2962 	2753
f 2858 	2979 	2852
f 2755 	2963 	2962
f 2755 	2962 	2754
f 2733 	2767 	2728
f 2978 	2728 	2767
f 2981 	2659 	2980
f 2853 	2823 	2845
f 2963 	2755 	2964
f 2756 	2964 	2755
f 2738 	2793 	2980
f 2981 	2980 	2793
f 2758 	2965 	2964
f 2758 	2964 	2756
f 2980 	2659 	2982
f 2556 	2563 	2880
f 2965 	2758 	2966
f 2761 	2966 	2758
f 2563 	2566 	2880
f 2799 	2659 	2983
f 2566 	2582 	2880
f 2762 	2967 	2966
f 2762 	2966 	2761
f 2799 	2983 	2793
f 2582 	2948 	2880
f 2823 	2853 	2860
f 2983 	2659 	2981
f 2967 	2762 	2968
f 2763 	2968 	2762
f 2983 	2981 	2793
f 2968 	2763 	2970
f 2764 	2970 	2763
f 2982 	2659 	2984
f 2849 	2834 	2855
f 2739 	2970 	2764
f 2855 	2834 	2858
f 2984 	2659 	2985
f 2951 	2767 	2733
f 2951 	2733 	2796
f 2757 	2751 	2985
f 2985 	2659 	2769
f 2823 	2860 	2834
f 2985 	2769 	2757
f 2976 	2977 	2896
f 2784 	2785 	2659
f 2860 	2979 	2834
f 2979 	2858 	2834
f 2808 	2807 	2946
f 2977 	2904 	2896
f 2994 	2987 	2986
f 2995 	2999 	2986
f 2994 	2996 	2987
f 2834 	2990 	2988
f 2653 	2991 	2892
f 2994 	2986 	2993
f 2996 	3001 	2987
f 2997 	2900 	2991
f 2992 	2836 	2828
f 2998 	2996 	2994
f 2998 	2994 	2993
f 2943 	2744 	2989
f 2993 	2986 	2999
f 2993 	2999 	3000
f 2993 	3000 	2998
f 3003 	2987 	3001
f 2978 	2947 	2728
f 2734 	2861 	2840
f 2998 	3002 	3001
f 2998 	3001 	2996
f 2904 	2977 	2840
f 2977 	2841 	2840
f 2988 	2992 	2828
f 2767 	2951 	2947
f 2836 	2992 	2531
f 3003 	3001 	3002
f 3007 	2746 	3006
f 3004 	3005 	3002
f 3004 	3002 	2998
f 2791 	3036 	2745
f 2531 	2992 	3107
f 2791 	2734 	3036
f 2770 	2774 	2989
f 2836 	2531 	2716
f 2997 	2991 	2878
f 3000 	3004 	2998
f 2774 	2881 	2989
f 2881 	2886 	2989
f 2656 	2989 	2886
f 2652 	2989 	2656
f 3008 	3011 	3009
f 3018 	3016 	3002
f 3006 	3010 	3012
f 3006 	3012 	3007
f 2879 	2878 	2991
f 2653 	2654 	2991
f 2654 	2885 	2991
f 2879 	2991 	2885
f 3010 	3013 	3012
f 2525 	3010 	3006
f 3017 	3025 	2659
f 2987 	3003 	2659
f 2947 	2978 	2767
f 3014 	3015 	3008
f 3015 	3011 	3008
f 3017 	2659 	3016
f 3003 	3016 	2659
f 3018 	3017 	3016
f 3019 	3020 	3021
f 3025 	3028 	2659
f 3003 	3002 	3016
f 3010 	3019 	3021
f 3013 	3010 	3021
f 3005 	3023 	3002
f 3018 	3002 	3024
f 3023 	3024 	3002
f 2709 	2556 	2707
f 3018 	3026 	3025
f 3018 	3025 	3017
f 3019 	2526 	3027
f 3019 	3027 	3020
f 3028 	3033 	2659
f 2955 	3059 	2876
f 2526 	3029 	3027
f 2533 	2526 	3019
f 3025 	3026 	3028
f 2841 	2856 	2840
f 3026 	3018 	3031
f 3030 	3031 	3018
f 3024 	3030 	3018
f 3032 	2526 	3083
f 3034 	2659 	3033
f 3035 	3034 	3033
f 2714 	2723 	2841
f 2584 	2583 	2703
f 2723 	2856 	2841
f 3033 	3028 	3035
f 3026 	3035 	3028
f 3006 	2745 	3036
f 2736 	2846 	3041
f 3031 	3037 	3026
f 2685 	2669 	3049
f 2669 	2704 	3049
f 2798 	3038 	2806
f 3034 	3039 	2659
f 3036 	2525 	3006
f 3035 	3039 	3034
f 2734 	2736 	3036
f 2736 	2525 	3036
f 2525 	2522 	3010
f 2522 	3019 	3010
f 3038 	2798 	2800
f 3038 	2800 	3040
f 2856 	3042 	2846
f 2525 	2752 	2522
f 2655 	2713 	2589
f 2713 	2721 	2589
f 2804 	3044 	2945
f 2804 	2945 	2790
f 3042 	3041 	2846
f 2945 	3044 	3043
f 2721 	2719 	2589
f 2738 	3042 	2856
f 2719 	2731 	2589
f 2738 	2751 	3042
f 2731 	2735 	2589
f 2723 	2738 	2856
f 2803 	3043 	3044
f 2803 	3044 	2804
f 2747 	2589 	2735
f 3041 	3045 	2752
f 2589 	2747 	2746
f 3045 	2760 	2752
f 3046 	3045 	3041
f 2876 	3059 	2894
f 2589 	2746 	2990
f 3042 	3046 	3041
f 3007 	2990 	2746
f 3007 	3012 	2990
f 3042 	2751 	3046
f 3012 	3013 	2990
f 3013 	3021 	2990
f 3047 	2760 	3045
f 3047 	2766 	2760
f 3021 	3020 	2990
f 3020 	3027 	2990
f 3048 	3047 	3045
f 3046 	3048 	3045
f 2751 	2757 	3046
f 3027 	3029 	2990
f 2699 	2949 	2950
f 3022 	3049 	2953
f 3049 	2704 	2953
f 2950 	2953 	2704
f 2699 	2950 	2704
f 2757 	3048 	3046
f 3032 	2990 	3029
f 3022 	2953 	2863
f 2973 	2958 	3051
f 2957 	2700 	2956
f 2700 	2703 	2956
f 3051 	2958 	2703
f 2528 	3050 	2529
f 3047 	2530 	2766
f 2805 	3052 	2809
f 2956 	2703 	2958
f 3048 	2536 	3047
f 3089 	3040 	2800
f 2530 	3047 	2536
f 3089 	3038 	3040
f 2634 	2946 	3129
f 3053 	2924 	2687
f 3038 	3054 	2806
f 2529 	3050 	2560
f 3089 	3054 	3038
f 2692 	3053 	2687
f 2560 	3050 	2567
f 2630 	2532 	2629
f 3057 	2689 	3056
f 3057 	2690 	2689
f 3056 	2692 	3057
f 3129 	2807 	2629
f 2690 	3057 	2692
f 2671 	2670 	3050
f 3056 	3053 	2692
f 3058 	2932 	2924
f 2681 	2671 	2658
f 2660 	3050 	2661
f 2567 	3050 	2660
f 2556 	2709 	2557
f 3053 	3058 	2924
f 3050 	2658 	2671
f 2661 	3050 	2670
f 3088 	3058 	3053
f 3059 	3060 	2894
f 3087 	3103 	3058
f 3068 	2707 	2894
f 2716 	2557 	2709
f 2932 	3062 	2974
f 2995 	3000 	2999
f 3062 	2932 	3058
f 2972 	3061 	2955
f 3000 	2995 	3004
f 3059 	2955 	3061
f 3058 	3103 	3062
f 3069 	3060 	3059
f 3105 	3064 	3062
f 2531 	2591 	2716
f 2557 	2716 	2591
f 2995 	3063 	3004
f 3005 	3004 	3063
f 3064 	2974 	3062
f 3005 	3063 	3023
f 2976 	2974 	3064
f 2810 	2809 	3065
f 3095 	3084 	3065
f 3023 	3063 	3024
f 2810 	3065 	3084
f 2810 	3061 	2730
f 2972 	2730 	3061
f 3052 	3065 	2809
f 3063 	3031 	3030
f 3024 	3063 	3030
f 3060 	3066 	2894
f 3067 	2977 	2976
f 3066 	3068 	2894
f 3063 	3037 	3031
f 2627 	2581 	2573
f 2707 	3068 	2823
f 2976 	3064 	3067
f 3061 	3069 	3059
f 3105 	3112 	3064
f 2771 	2591 	2808
f 2630 	2808 	2591
f 3112 	3067 	3064
f 3060 	3070 	3066
f 3069 	3070 	3060
f 2990 	2834 	3011
f 3009 	3011 	2834
f 3070 	3071 	3066
f 2686 	2795 	2679
f 3066 	3071 	3068
f 2895 	2808 	2893
f 3014 	2615 	2990
f 2897 	2771 	2895
f 3022 	2802 	2686
f 2795 	2686 	2802
f 2997 	2771 	2898
f 3015 	3014 	2990
f 3011 	3015 	2990
f 2844 	2845 	3073
f 3072 	3073 	2845
f 2808 	2946 	2925
f 2923 	2925 	2946
f 2583 	2581 	3051
f 3075 	3076 	3077
f 2927 	2808 	2926
f 3075 	3078 	3076
f 3077 	3073 	3072
f 3076 	3073 	3077
f 2928 	2808 	2927
f 3080 	3081 	3073
f 3080 	3073 	3076
f 2685 	3049 	3022
f 2931 	2934 	2808
f 2935 	2808 	2934
f 3078 	3080 	3076
f 3022 	2686 	2685
f 2893 	2808 	2937
f 2935 	2937 	2808
f 3073 	3081 	2844
f 2849 	2844 	3081
f 3083 	2614 	3079
f 3051 	2703 	2583
f 2925 	2926 	2808
f 2929 	2808 	2928
f 2929 	2931 	2808
f 2845 	2823 	3072
f 3068 	3072 	2823
f 3079 	2614 	3082
f 2898 	2771 	2897
f 2900 	2997 	2898
f 2808 	2895 	2771
f 3077 	3068 	3075
f 2878 	2771 	2997
f 2571 	2946 	2570
f 3082 	2521 	3074
f 2576 	2946 	2571
f 2588 	2946 	2586
f 2612 	2946 	2588
f 2612 	2622 	2946
f 2628 	2946 	2626
f 2632 	2946 	2631
f 3078 	3075 	3071
f 3071 	3075 	3068
f 2632 	2921 	2946
f 2921 	2923 	2946
f 2628 	2631 	2946
f 2988 	3083 	3079
f 3068 	3077 	3072
f 3074 	2988 	3082
f 2627 	2573 	2946
f 3080 	3071 	3081
f 3078 	3071 	3080
f 2570 	2946 	2573
f 2622 	2623 	2946
f 2623 	2626 	2946
f 3079 	3082 	2988
f 2849 	3081 	2834
f 2532 	2630 	2531
f 2586 	2946 	2576
f 3071 	2834 	3081
f 2988 	2990 	3083
f 3085 	3056 	2701
f 2591 	2531 	2630
f 3061 	3084 	3069
f 2689 	2701 	3056
f 3056 	3085 	3053
f 3061 	2810 	3084
f 3084 	3086 	3069
f 3085 	2701 	3088
f 2627 	2946 	2624
f 3095 	3086 	3084
f 2990 	3032 	3083
f 3087 	3058 	3088
f 3087 	2701 	3102
f 3070 	3069 	3086
f 3055 	3065 	3052
f 2805 	2864 	3055
f 2805 	3055 	3052
f 3054 	3089 	2871
f 3054 	2871 	2806
f 2629 	3106 	3129
f 2633 	3097 	3098
f 3098 	2690 	2633
f 2633 	3086 	3097
f 2873 	3090 	2874
f 2873 	3095 	3090
f 3090 	3095 	3065
f 3093 	3110 	3091
f 3092 	3093 	3091
f 2712 	3093 	3092
f 3094 	2711 	2710
f 2712 	2711 	3094
f 2712 	3094 	3122
f 2864 	2874 	3055
f 3090 	3055 	2874
f 3065 	3055 	3090
f 3102 	3103 	3087
f 3070 	3086 	2589
f 3099 	3100 	3123
f 3085 	3088 	3053
f 3098 	3097 	3099
f 2528 	3127 	3101
f 3123 	3100 	3101
f 3102 	2701 	3104
f 3102 	3104 	3103
f 3103 	3105 	3062
f 3097 	3096 	3099
f 3099 	3096 	3100
f 2992 	2988 	3106
f 3107 	2992 	3106
f 3106 	2988 	3129
f 3104 	2701 	3108
f 3104 	3108 	3103
f 3100 	3096 	3101
f 3050 	2528 	3096
f 3101 	3096 	2528
f 3091 	3110 	2873
f 2629 	2532 	3106
f 3108 	3109 	3105
f 3108 	3105 	3103
f 2873 	3110 	3095
f 3095 	3111 	3096
f 2536 	3074 	2530
f 2521 	2523 	3074
f 3110 	3111 	3095
f 3074 	3149 	2988
f 3096 	3113 	3050
f 3165 	3129 	2988
f 3111 	3113 	3096
f 3114 	2701 	3116
f 3109 	3114 	3105
f 3114 	3116 	3112
f 3114 	3112 	3105
f 3115 	2684 	2658
f 2636 	3117 	2537
f 2581 	2627 	2973
f 3116 	2780 	3112
f 2714 	2977 	3067
f 2658 	3050 	3115
f 3115 	3050 	3113
f 2780 	3116 	2987
f 2777 	2714 	3112
f 3067 	3112 	2714
f 3093 	3118 	3110
f 3112 	2780 	2777
f 3087 	3088 	2701
f 2863 	2802 	3022
f 3110 	3118 	3111
f 2701 	3119 	3120
f 2701 	3120 	3121
f 3121 	3126 	2701
f 3111 	3122 	3113
f 3123 	3121 	3120
f 3118 	3122 	3111
f 2873 	2872 	3091
f 2883 	2872 	2813
f 3126 	3130 	2701
f 3093 	2712 	3118
f 3123 	3126 	3121
f 2883 	3091 	2872
f 3119 	3123 	3120
f 2712 	3122 	3118
f 3098 	3125 	2701
f 2973 	3051 	2581
f 3099 	3125 	3098
f 3190 	2986 	3115
f 3125 	3119 	2701
f 3113 	3176 	3115
f 3191 	3176 	3122
f 3119 	3125 	3123
f 3099 	3123 	3125
f 3117 	3131 	3136
f 2718 	3148 	3094
f 2718 	3094 	2710
f 3122 	3094 	3191
f 3148 	3191 	3094
f 3143 	3144 	2701
f 3132 	3116 	2701
f 3124 	3117 	3136
f 3144 	3156 	2701
f 2536 	2555 	3074
f 3143 	2701 	3130
f 3092 	3091 	2882
f 2883 	2882 	3091
f 3123 	3127 	3126
f 3127 	3130 	3126
f 3175 	2636 	3128
f 2634 	3128 	2636
f 2529 	3127 	2528
f 3101 	3127 	3123
f 3128 	2634 	3129
f 3136 	2722 	2680
f 3136 	2680 	3124
f 3175 	3131 	2636
f 2697 	2712 	2882
f 2684 	2987 	3132
f 3131 	3117 	2636
f 3092 	2882 	2712
f 3132 	2987 	3116
f 3108 	2701 	3109
f 3162 	3166 	2701
f 3109 	2701 	3114
f 3139 	3170 	3138
f 3140 	3170 	3139
f 3141 	3170 	3140
f 3137 	3138 	3170
f 3142 	3170 	3141
f 2722 	3136 	3133
f 2677 	2700 	2957
f 3162 	2701 	3156
f 3086 	2649 	2655
f 2655 	2589 	3086
f 2538 	3142 	3141
f 2538 	3141 	2539
f 3133 	3192 	2722
f 3143 	2545 	3144
f 3070 	2589 	3071
f 3150 	3151 	2957
f 3145 	3146 	3147
f 3151 	2677 	2957
f 2717 	3148 	2718
f 3144 	2545 	3156
f 3117 	3142 	2537
f 2538 	2537 	3142
f 2722 	3148 	2717
f 3130 	3127 	3143
f 2545 	3143 	3127
f 2539 	3141 	3140
f 2539 	3140 	2541
f 3008 	3009 	3145
f 2529 	2560 	3127
f 3127 	2560 	2545
f 3149 	3074 	3152
f 3124 	2680 	3142
f 3150 	3142 	2680
f 2680 	2677 	3150
f 3151 	3150 	2677
f 2546 	2659 	3152
f 3153 	3145 	3147
f 3117 	3124 	3142
f 2542 	3140 	3139
f 2541 	3140 	2542
f 3139 	3138 	2544
f 3139 	2544 	2542
f 3138 	3137 	2548
f 3138 	2548 	2544
f 3167 	3132 	3166
f 3135 	3161 	3134
f 3161 	2559 	3134
f 2548 	3134 	2559
f 3137 	3134 	2548
f 3153 	2615 	3145
f 3037 	3157 	3026
f 3145 	2615 	3008
f 3132 	2524 	2684
f 2681 	2658 	2684
f 3026 	3157 	3035
f 3155 	3035 	3157
f 2615 	3014 	3008
f 3161 	3178 	3160
f 3159 	3160 	3178
f 3158 	3159 	3178
f 3135 	3178 	3161
f 3039 	3152 	2659
f 3146 	3145 	3009
f 3039 	3035 	3152
f 3152 	3035 	3149
f 3154 	3149 	3035
f 3161 	3160 	2561
f 3161 	2561 	2559
f 3155 	3154 	3035
f 3160 	3159 	2562
f 3160 	2562 	2561
f 3159 	3158 	2564
f 3159 	2564 	2562
f 3158 	3164 	2568
f 3158 	2568 	2564
f 3165 	2988 	3149
f 3153 	3147 	3071
f 3164 	3163 	2572
f 3164 	2572 	2568
f 2675 	2684 	2524
f 2587 	2572 	3163
f 3146 	3071 	3147
f 3155 	3165 	3154
f 3132 	2701 	3166
f 3150 	2957 	2956
f 2668 	3167 	3166
f 2956 	3170 	3150
f 3132 	3167 	2524
f 3169 	3135 	3168
f 3134 	3168 	3135
f 2668 	2524 	3167
f 3149 	3154 	3165
f 3162 	2651 	3166
f 3134 	3137 	3170
f 3134 	3170 	3171
f 3134 	3171 	3172
f 3134 	3172 	3173
f 3134 	3173 	3174
f 3134 	3174 	3168
f 3071 	3146 	2834
f 3009 	2834 	3146
f 3135 	3169 	3178
f 3187 	3188 	3178
f 3063 	3165 	3037
f 3157 	3037 	3165
f 3169 	3168 	3178
f 2574 	2613 	3168
f 2574 	3168 	3174
f 2574 	3174 	3173
f 2574 	3173 	2575
f 2575 	3173 	3172
f 2575 	3172 	2578
f 2578 	3172 	3171
f 2578 	3171 	2580
f 2580 	3171 	3170
f 2580 	3170 	2585
f 3165 	3155 	3157
f 3142 	3150 	3170
f 2958 	2585 	3170
f 3175 	3128 	3129
f 3175 	3129 	3165
f 2958 	3170 	2956
f 2624 	2585 	2958
f 3063 	3176 	3177
f 3071 	2589 	3153
f 3179 	3180 	3178
f 3180 	3181 	3178
f 3178 	3181 	3182
f 3178 	3182 	3183
f 3178 	3183 	3184
f 3178 	3184 	3185
f 3178 	3185 	3186
f 3178 	3186 	3187
f 3188 	3163 	3178
f 3164 	3158 	3178
f 3163 	3164 	3178
f 3163 	3188 	2587
f 3063 	3177 	3165
f 3188 	3187 	2590
f 3188 	2590 	2587
f 3165 	3177 	3189
f 2590 	3187 	3186
f 2590 	3186 	2595
f 2605 	3186 	3185
f 2595 	3186 	2605
f 3165 	3189 	3175
f 3185 	3184 	2606
f 3185 	2606 	2605
f 3184 	3183 	2607
f 3184 	2607 	2606
f 3175 	3189 	3131
f 3183 	3182 	2608
f 3183 	2608 	2607
f 3182 	3181 	2609
f 3182 	2609 	2608
f 3190 	2995 	2986
f 3181 	3180 	2610
f 3181 	2610 	2609
f 3190 	3115 	3176
f 2610 	3180 	3179
f 2610 	3179 	2611
f 3176 	3063 	3190
f 2995 	3190 	3063
f 2611 	3179 	3178
f 2611 	3178 	2613
f 3192 	3176 	3191
f 3178 	3168 	2613
f 3191 	2722 	3192
f 3177 	3176 	3192
f 2877 	2950 	2949
f 2602 	2603 	3193
f 3177 	3133 	3189
f 3192 	3133 	3177
f 3189 	3133 	3136
f 3189 	3136 	3131
f 2877 	2949 	3194
f 3113 	3122 	3176
f 2694 	3194 	2949
f 2877 	3194 	2694
f 2697 	2877 	2694
f 3195 	3193 	2776
f 3191 	3148 	2722
f 2534 	2602 	2535
f 2540 	2602 	2534
f 3195 	2535 	2602
f 2543 	2600 	2540
f 2569 	2600 	2543
f 2592 	2600 	2569
f 3193 	3195 	2602
# 1346 faces

 #end of obj_9

